distance,target_distance,target_start_key,target_end_key
1.0443933945118573,1.0307764064044151,l,o
1.539850911005673,1.6007810593582121,t,h
2.2723398767845007,2.3584952830141512,i,n
3.130148019662968,3.0,g,s
3.013365977710805,3.0,y,o
3.029183906702431,3.0,u,r
5.422587206825262,5.153882032022076,m,e
2.896656073172996,2.6575364531836625,n,t
1.3371011846995724,1.25,w,a
2.779267130243151,2.6575364531836625,n,t
1.1322610813103136,1.0307764064044151,d,e
3.0617264788432683,2.692582403567252,c,a
6.568012675079122,6.329494450586081,l,e
1.3700388509545998,1.25,e,s
1.4530556865189306,1.25,s,e
2.7666175478822512,2.6575364531836625,n,t
1.0809299381782336,1.25,p,l
1.179224221946361,1.0307764064044151,d,e
1.757532618829591,1.6007810593582121,t,h
1.8759478312642375,2.0,p,i
3.7893315394176055,3.881043674065006,t,a
1.668882560277984,2.0,o,u
5.924271888278762,5.5901699437494745,n,a
2.863742931571373,3.0,t,i
3.16518715135851,3.010398644698074,o,n
6.092635314716038,6.0,q,u
3.0958789593990907,2.9261749776799064,a,r
2.129465253443925,2.0,t,e
2.8972439193352364,3.0,t,i
2.319197712841663,2.3584952830141512,z,e
1.4755387575390888,6.0,l,d
2.772487221003011,4.25,n,e
1.559937764183238,1.6007810593582121,f,e
1.5278655965921872,2.3584952830141512,c,t
1.2696075242471598,1.0,i,o
1.496855187760326,7.0,o,w
1.3225085833842438,4.25,n,e
1.8112796753952718,3.4003676271838605,h,e
1.5872524265613834,3.4003676271838605,h,e
1.5101178037656529,2.9261749776799064,s,t
0.7983639912345748,1.0,e,r
1.1405968078707747,2.0,r,y
1.750579368380651,3.4003676271838605,h,e
1.0672264652476533,2.0,r,y
1.0224533073079671,1.0307764064044151,e,d
1.5701606705206952,4.8541219597369,a,y
1.769812313495417,1.25,r,d
0.9945581933703027,1.0,i,o
1.402751297673611,3.881043674065006,a,t
1.0608554110363015,1.0307764064044151,e,d
1.3492570293498567,2.1360009363293826,e,c
1.399676614436348,2.0,o,u
2.1871260894722093,4.25,e,n
1.4373183580891182,2.3584952830141512,i,n
1.0937210710459957,1.0307764064044151,e,d
2.339757305790496,2.6575364531836625,e,v
1.1436220761794513,5.153882032022076,m,e
1.8694771996470032,2.3584952830141512,i,n
1.755038429956734,5.618051263561059,o,c
2.1568869131806614,4.25,e,n
1.4421286892125815,5.836308764964376,i,s
1.697443380867238,1.6007810593582121,i,l
1.2485145736534267,5.618051263561059,o,c
1.0193817443063224,3.4003676271838605,h,e
1.9215765825227993,3.881043674065006,a,t
1.1705525471438691,2.0,t,e
1.0631860285246417,6.82367203197809,a,i
2.018622310203174,6.0,q,u
0.8601337559502007,3.0,t,i
1.3297804858791553,6.329494450586081,l,e
0.7671367727628496,6.82367203197809,s,o
1.7189464115047333,3.881043674065006,a,t
1.2372008981972171,2.6575364531836625,n,t
0.8751475322052846,2.692582403567252,c,h
1.8935384576567227,2.3584952830141512,n,i
1.5028750051983697,2.1360009363293826,c,e
1.1258655559168687,2.3584952830141512,i,n
0.8792074644957241,3.0,t,i
1.3406653956617967,5.836308764964376,i,s
1.3154309417449477,4.8541219597369,d,i
0.7092097715062871,3.0,t,i
1.7942750015674853,2.6575364531836625,v,e
1.4371524036266996,5.836308764964376,s,i
1.7988811540093468,2.6575364531836625,v,e
0.8077480752839957,4.6097722286464435,n,s
2.073793903995766,2.6575364531836625,v,e
2.2167377001463215,4.6097722286464435,n,s
2.1378404297620066,2.1360009363293826,n,y
2.323721207460138,3.0,g,s
2.402478957374029,3.4003676271838605,h,e
1.535064600635752,8.0,a,l
1.9275336329750516,2.6575364531836625,n,t
2.3195853145012806,5.836308764964376,i,s
1.6134983585752418,2.0155644370746373,b,y
1.2968222519393318,1.0,r,e
1.5142225366916846,1.6007810593582121,i,l
1.6254497118105502,3.4003676271838605,h,e
1.3393716460527305,1.0307764064044151,e,d
3.68022861254909,4.25,e,n
1.0899263521564198,1.25,e,s
1.3001923415402816,1.6007810593582121,t,h
1.7974006405083987,2.692582403567252,c,h
1.3224134423469838,1.25,r,d
1.5416043286946228,2.0,o,u
1.388614715507869,1.8027756377319946,n,g
1.466826256113859,2.3584952830141512,c,t
1.8556856717935826,3.0,u,r
1.8815640310988624,2.6575364531836625,n,t
1.5599847204780566,2.0,e,t
1.976909836082567,2.6575364531836625,n,t
2.006771306882027,2.3584952830141512,i,n
1.8124356755827222,4.8541219597369,u,s
3.584083307660412,4.8541219597369,f,o
2.1682579593131903,2.462214450449026,l,u
1.9051907917909432,2.0,t,e
4.685644676162502,5.153882032022076,e,m
1.2724661648252185,1.0,e,r
1.5190730777763783,1.8027756377319946,n,g
1.6158853658675791,2.3584952830141512,z,e
2.3173766047246187,3.0,f,a
1.5249097770442026,3.0,t,i
2.103198159945943,2.9261749776799064,a,r
1.9066369484317138,2.6575364531836625,v,e
1.900412397678462,2.0155644370746373,e,x
1.1948157088542988,1.6007810593582121,t,h
0.806841691798955,1.0307764064044151,e,d
2.032509321165588,4.0,t,o
1.2609970819256482,1.6007810593582121,t,h
1.126489070075693,1.25,e,s
1.3167548177242412,1.6007810593582121,t,h
0.8759495205204463,1.0,e,r
1.2880820832249007,1.0,s,a
1.3584474709203889,3.881043674065006,a,t
2.413759311867072,3.881043674065006,a,t
1.3288037971235633,1.6007810593582121,t,h
1.1836965999042994,5.0,o,r
0.6066470606950964,3.881043674065006,a,t
1.364525615827713,1.0307764064044151,e,d
1.46146186445285,6.82367203197809,s,o
0.7673306511048549,2.0,o,u
0.9469240086326882,1.6007810593582121,t,h
1.3235510532748633,1.6007810593582121,t,h
0.7742623909244198,6.0,l,d
1.7787889138399755,2.9261749776799064,s,t
2.3755363506216867,2.9261749776799064,s,t
0.21522154283435468,1.0,t,y
1.7415798233931166,1.6007810593582121,t,h
1.0361651729454142,5.5901699437494745,n,a
0.7806451858879299,1.6007810593582121,t,h
1.3052324804895874,3.6400549446402595,n,d
1.355142347227774,2.9261749776799064,s,t
1.2235188111549404,5.618051263561059,c,o
1.550005897166201,2.1360009363293826,c,e
1.2821389172492195,1.6007810593582121,t,h
1.2874977973282131,8.0,a,l
0.932742302635085,2.0,o,u
0.9804296650576212,5.5901699437494745,n,a
0.9845164184131209,1.6007810593582121,l,i
0.7484601275285144,2.3584952830141512,b,u
0.9166320997270387,1.25,d,r
1.3389387880426047,1.6007810593582121,t,h
1.246575233389465,3.010398644698074,n,o
1.2893170006344445,1.25,d,r
1.3706398369009998,1.6007810593582121,t,h
0.8080256126045757,1.25,w,a
1.2788461168666856,1.6007810593582121,l,i
2.086889899617371,2.3584952830141512,i,n
2.5029349803031247,3.881043674065006,i,f
1.936175615904973,2.3584952830141512,b,u
1.6383970825169338,3.881043674065006,a,t
1.6700231893973811,2.9261749776799064,s,t
1.1295423852162432,3.0,t,i
2.6609267652455233,5.344389581607987,k,e
2.120973486691901,5.836308764964376,s,i
0.36938802853503533,1.0307764064044151,j,u
2.2130212450968476,2.9261749776799064,s,t
1.9810113973044174,3.881043674065006,a,t
2.1873351152144016,2.3584952830141512,c,t
1.3371723255156753,3.4003676271838605,h,e
2.966190027838742,6.329494450586081,l,e
1.2674796164534556,5.153882032022076,m,e
1.0086905574183787,3.4003676271838605,h,e
1.6275908048784866,3.881043674065006,a,t
1.8138617126175849,7.0,o,w
3.0373180243843416,2.3584952830141512,i,n
2.12943958663424,5.618051263561059,o,c
1.997817700016696,5.5901699437494745,a,n
1.4080045332402162,1.8027756377319946,n,g
2.0577235183874927,5.836308764964376,i,s
1.7889369486513491,6.82367203197809,s,o
1.619628217369653,6.0,w,i
1.1454339379684886,2.692582403567252,c,h
1.9775553879727366,2.9261749776799064,s,t
0.8333290166554861,4.8541219597369,f,o
1.2408563701129958,2.9261749776799064,a,r
1.53175,7.0,w,o
1.9611130648499082,4.0,a,g
1.637334609968286,5.0,r,o
1.5116576011534488,2.1360009363293826,e,c
2.308673029307095,3.816084380618437,v,i
3.946508751811529,3.010398644698074,o,n
1.9804293174082226,2.6575364531836625,n,t
2.2999983491841904,2.3584952830141512,n,i
2.4450174143040377,3.010398644698074,n,o
1.74723101023448,5.153882032022076,m,e
1.5349919228207687,5.618051263561059,c,o
2.0529927316602956,6.329494450586081,l,e
1.5433161131148734,3.4003676271838605,l,y
1.540399851702473,2.0,o,u
1.5588885112877697,5.0,h,a
1.7505218686151856,6.0,q,u
0.976268605776607,2.1360009363293826,c,e
1.158589154154742,1.25,s,e
1.9377651794335147,5.836308764964376,i,s
1.2342667990552123,2.0155644370746373,b,y
1.8678049366167762,2.462214450449026,e,g
2.1889820872097143,6.576473218982953,m,a
1.43941857294013,1.6007810593582121,l,i
1.2017080877338722,2.0,r,y
1.0687708258204844,4.0,t,o
1.4559079909544423,3.4003676271838605,h,e
2.2908315425299173,1.0,p,o
3.317421469021535,6.82367203197809,i,a
1.9301262345375243,2.1360009363293826,m,u
1.1230145257297435,2.0,t,e
1.9966331817587328,5.153882032022076,e,m
1.8364069282841426,8.80695747690427,a,p
2.2324287362646094,8.0,a,l
3.3766208422770836,3.010398644698074,o,n
2.4621290202789945,6.0,q,u
2.590227336789186,3.4003676271838605,l,y
2.4008640664612804,5.344389581607987,k,e
1.0707747560178091,3.0,t,i
2.1839156670130375,4.6097722286464435,a,b
2.6804323607629046,3.0,i,t
2.149646577056331,2.1360009363293826,e,c
1.9283312815100004,3.010398644698074,o,n
2.3282664420121684,8.0,l,a
1.6459339911202395,2.462214450449026,g,e
2.0278631995896568,2.0155644370746373,u,n
2.474233378745829,3.010398644698074,n,o
2.4904843718140457,2.3584952830141512,i,n
1.2711985301773279,3.4003676271838605,h,e
1.423621136617815,1.25,w,a
1.1547121123899238,4.8541219597369,f,o
1.8681662131619876,2.462214450449026,l,u
1.242431399011632,2.692582403567252,c,h
1.24944715899673,1.0307764064044151,l,o
1.7492449263896692,5.153882032022076,m,e
1.492563529845548,6.576473218982953,m,a
2.0879870876336857,2.3584952830141512,i,n
1.3111576945585148,2.3584952830141512,z,e
1.1879799687915622,3.4003676271838605,h,e
1.1801356383907742,2.3584952830141512,c,t
1.5069457729128808,1.0,r,e
2.608484821213265,2.0,o,u
1.2777705804447061,1.0,l,k
1.9049284148295444,1.8027756377319946,n,g
1.6871488986601038,1.0307764064044151,d,e
2.8173929992991753,2.3584952830141512,n,i
1.6232714749080022,1.6007810593582121,t,h
1.3236089218968723,1.0,e,r
2.707802528112048,3.010398644698074,o,n
1.5317249722535047,1.0,s,a
1.2324719127124155,1.0,e,r
2.1140065522899874,2.0,e,t
1.4021234398671896,1.0,r,e
2.9049478292432376,2.6575364531836625,n,t
2.04255181237833,2.0,t,e
2.4663943824944137,2.1360009363293826,c,e
2.1572464219462733,2.0,r,y
1.539173139424217,1.25,s,e
3.2063172044613744,3.010398644698074,o,n
2.8653561569637374,2.462214450449026,g,e
2.129914629304424,2.0,o,u
1.1291589029560893,1.0,t,r
1.601722671258979,1.6007810593582121,t,h
2.2698307825144153,2.3584952830141512,i,n
1.8692074690895069,2.0155644370746373,e,a
3.1422301246487345,3.010398644698074,n,o
1.8327134638630773,1.25,d,r
1.9861807138639218,1.8027756377319946,n,k
1.544026053253312,1.25,w,a
1.710936585616194,1.0,e,r
3.1435664906678844,2.9261749776799064,s,t
1.6974433808672384,1.6007810593582121,l,i
1.2254062400383796,1.0,i,o
2.6638193356766893,2.3584952830141512,o,m
2.793567345818783,2.3584952830141512,n,i
2.0267248286953023,2.0,t,e
1.2158956896563948,1.0,g,h
1.4802300971892854,1.6007810593582121,i,l
1.3869131472896925,1.0307764064044151,j,u
1.7969259340607224,1.6007810593582121,t,h
1.5624857649351562,1.0307764064044151,d,e
1.292849626310036,1.0,r,e
1.2393746533030274,1.0,s,a
2.886714444008967,2.9261749776799064,a,r
3.891999777187172,3.881043674065006,a,t
1.3693225743045354,1.0307764064044151,w,s
1.7373543913807565,1.6007810593582121,t,h
3.2135248802911116,2.9261749776799064,s,t
2.187871061385931,2.0155644370746373,e,x
2.0034574997051977,1.8027756377319946,n,g
1.7428542412519754,1.6007810593582121,l,i
2.0319506945297663,1.6007810593582121,f,e
1.6173866749327446,1.25,d,r
2.0482932109746885,2.0155644370746373,e,a
1.5466066585431475,1.25,w,a
1.1409726388042791,1.25,r,d
2.0098869876500522,2.0,p,i
1.1030623849084864,1.0,i,o
2.420806118966366,2.1360009363293826,n,y
1.8984061777251466,1.8027756377319946,n,g
1.5787879053248415,1.25,s,e
0.8687867708045511,1.0,r,e
1.4560596925006197,1.0,e,r
1.5108375574495096,1.6007810593582121,i,l
0.934160083979186,1.0307764064044151,e,d
1.345334374096269,1.25,e,s
3.336498082290023,3.010398644698074,o,n
3.1787075400231464,3.0,f,a
3.210001618477006,2.9261749776799064,t,s
1.740020375239899,1.6007810593582121,l,i
2.9436020981953384,2.9261749776799064,a,r
1.5844170507240194,1.25,s,e
2.3197640505016883,2.0,d,a
1.5725134041559072,1.6007810593582121,t,h
2.1982859978003315,2.0,t,e
2.9849552027626816,3.0,y,o
3.1866007089255777,3.010398644698074,o,n
2.6028903435652064,2.3584952830141512,o,m
2.460475036705311,2.3584952830141512,n,i
1.1158027519458806,1.25,e,s
2.103405705635506,2.0155644370746373,u,n
1.646337298368715,1.0,e,r
1.4849368094720394,1.0,e,r
2.9395023308589154,2.9261749776799064,t,s
1.4006210062415168,1.0,r,e
2.1530091804843754,2.0,r,y
1.9521910206867568,2.0155644370746373,e,x
2.923999754189456,2.6575364531836625,v,e
1.6025610021540522,1.25,e,s
2.9862106265717423,3.010398644698074,o,n
1.2447691176479274,1.0307764064044151,s,w
1.2420404645682848,1.0,e,r
1.209574369871485,1.0307764064044151,e,d
1.3431008199312522,1.25,p,l
2.0853962228435154,2.0155644370746373,e,a
1.6138649891254844,1.25,s,e
2.5701436031134524,2.3584952830141512,o,m
2.2207317065552967,2.0,e,t
1.3802339588816095,1.0307764064044151,o,l
1.8295304127698997,1.6007810593582121,t,h
1.4186253965106503,1.25,w,a
2.7435869000498228,2.6575364531836625,n,t
2.4409906864324578,2.462214450449026,l,u
2.8973689142047485,3.0,y,o
3.820036996712205,3.881043674065006,t,a
1.2962292006528007,1.0,l,k
2.5580565499026795,2.3584952830141512,i,n
2.768733402884792,2.692582403567252,c,a
1.3872577097010492,1.25,s,e
2.837880618745263,2.6575364531836625,v,e
3.317353858876077,3.0,t,i
5.263475473724561,5.153882032022076,m,e
2.663806639472918,2.6575364531836625,n,t
5.116168221005346,6.0,q,u
1.9384090810829897,1.6007810593582121,t,h
0.24525882374544547,1.6007810593582121,l,i
1.7621795497692623,1.6007810593582121,t,h
3.455828975260495,3.6400549446402595,n,d
2.1976271863079964,2.0,r,y
1.9834027933390133,1.6007810593582121,t,h
2.7900598475883993,2.9261749776799064,s,t
5.463437496782588,5.618051263561059,o,c
2.599573657953357,2.692582403567252,c,a
2.322808365562041,2.0,p,i
4.189302203604439,3.881043674065006,t,a
1.990135618808426,2.0,o,u
5.491917221301228,5.5901699437494745,n,a
2.92468419502431,3.0,t,i
3.2934999454417793,3.010398644698074,o,n
2.477396043479928,2.3584952830141512,z,e
4.875532669616726,5.0,r,o
5.269761814173863,5.5901699437494745,c,l
6.746114967612842,6.82367203197809,o,s
1.5533878801670884,1.0307764064044151,e,d
3.75537656650435,4.0,t,o
2.1709102245659535,2.0,d,a
1.8769364167440519,1.6007810593582121,t,h
2.632805184707938,2.6575364531836625,v,e
1.654342562016706,2.0,r,y
0.24899865084975864,2.0155644370746373,e,x
2.897177853640504,3.0,t,i
3.1209719840139547,3.010398644698074,o,n
0.3038873660585448,1.25,w,a
2.1168946338032506,1.6007810593582121,l,i
1.7775556337988412,1.6007810593582121,f,e
2.266994685977451,2.3584952830141512,b,u
1.3001923415402814,1.25,d,r
2.250159695721617,2.0155644370746373,e,a
6.413322784690086,6.576473218982953,m,a
2.2781652225530085,2.1360009363293826,n,y
1.7753859835610395,1.6007810593582121,t,h
2.7696137619937184,2.3584952830141512,i,n
3.145774758008749,3.0,g,s
2.2538086237522474,5.618051263561059,c,o
2.026554823616918,3.010398644698074,m,p
1.7632003041345023,6.329494450586081,l,e
2.039543932629303,2.0,t,e
2.9480894713780312,3.4003676271838605,l,y
1.218067020169662,1.0307764064044151,o,l
1.876450921953463,2.0,o,u
1.5761545371568106,1.6007810593582121,t,h
2.516791918792652,3.881043674065006,a,t
1.507986944572134,3.0,y,e
1.7961667734720514,2.3584952830141512,z,e
1.5706705226192412,5.0,r,o
1.4780923516478934,1.6007810593582121,t,h
1.5342542824202905,3.0,f,a
2.3936462151130438,2.3584952830141512,c,t
1.9627648945428988,3.0,t,i
2.626738293492521,4.6097722286464435,c,k
1.982905841971575,2.0,e,t
1.3521365616127685,2.9261749776799064,a,r
1.2237574565656384,2.6575364531836625,v,e
1.4536585095888237,2.0,r,y
1.7565609021963913,2.0155644370746373,e,x
1.2702155943972673,7.0,p,e
1.4073736011184095,5.836308764964376,s,i
1.8223273452168247,2.6575364531836625,v,e
1.4546896629951696,1.0,s,a
1.247034062535984,3.4003676271838605,h,e
2.142279192968321,2.9261749776799064,a,r
1.330727643997824,1.6007810593582121,t,h
1.7814579703153257,3.881043674065006,a,t
1.099412414087634,1.0,e,w
1.3302590971780655,1.25,p,l
1.902350930427927,2.0155644370746373,e,a
1.5058886496019552,1.25,s,e
1.410936263842205,1.6007810593582121,t,h
1.8695257503575609,2.0155644370746373,g,u
1.4562121937152566,4.8541219597369,i,d
1.442314508221074,1.6007810593582121,l,i
1.707165230726071,4.25,n,e
2.224329091265499,5.618051263561059,c,o
1.9723407175865937,2.0155644370746373,u,n
1.6944515751785292,4.697073557013984,i,c
2.286901660134296,3.881043674065006,a,t
1.4032603665214805,1.6007810593582121,t,h
1.2333466222538574,5.0,r,o
1.7369444840365502,2.0155644370746373,u,g
1.597075907126834,5.153882032022076,e,m
1.2317449068800723,1.6007810593582121,i,l
1.3465281339894086,1.6007810593582121,t,h
0.7908540083352933,7.0,w,o
1.3657018170614696,5.344389581607987,r,l
1.557929099197072,2.9261749776799064,s,t
1.4004999999999999,4.0,a,g
1.2795002076006083,1.25,w,a
1.4320305622611555,2.6575364531836625,n,t
1.5796847984645537,2.0155644370746373,j,o
1.7432827913522815,2.3584952830141512,i,n
1.9847037916588455,4.8541219597369,f,o
2.1152054753912215,2.462214450449026,l,u
1.9979447447627279,3.0,n,c
1.4526882892158934,6.0,p,r
1.549458257141831,4.0,o,t
2.400286812289315,2.1360009363293826,e,c
1.7322462656908808,3.0,y,o
1.2750233392471682,3.0,u,r
1.3926070986642285,2.9261749776799064,a,r
1.2204263407207334,3.0,y,o
1.0470709891167842,3.881043674065006,t,a
1.131267568924346,1.0,l,k
1.756324900538053,2.3584952830141512,i,n
1.1208981331949839,1.6007810593582121,t,h
1.7804894867704217,2.692582403567252,c,a
1.5246078184241347,3.0,i,t
1.6193445626240266,8.0,a,l
1.5228075428300192,5.5901699437494745,n,a
1.4742439587802283,3.0,t,i
1.7982657357159428,3.010398644698074,o,n
1.8821760386916524,3.010398644698074,n,o
1.4304853197429184,1.25,d,r
2.0879231607029984,2.3584952830141512,i,n
1.3557903195645706,1.6007810593582121,t,h
0.9082989337905225,1.25,w,a
1.1847254758487302,2.0,t,e
1.3447887438646264,1.6007810593582121,t,h
1.8205264391447327,4.8541219597369,d,i
1.112490519622527,1.0,s,a
2.2171190801634895,2.9261749776799064,s,t
1.2663417353246318,1.0,e,r
1.4630326807696403,6.0,q,u
2.141063217918845,2.9261749776799064,a,r
1.1580556779037008,2.0,t,e
1.5808233614164484,4.25,e,n
1.3391535864586257,2.0,t,u
1.7515712410575826,2.0,r,y
1.2942439214170567,6.0,w,i
1.1991021901823047,1.6007810593582121,t,h
1.3619124478559554,2.0155644370746373,e,a
2.3066909266848037,2.692582403567252,c,h
1.5988411819189545,4.8541219597369,f,o
1.6553835280683444,2.0,r,w
1.3516948273371474,2.9261749776799064,a,r
1.436543448046386,2.9261749776799064,s,t
1.300881972451767,4.6097722286464435,a,b
1.2467638922927633,1.6007810593582121,i,l
1.5516858271731417,3.0,i,t
1.4548287968434632,3.4003676271838605,h,e
1.8678418570973832,3.0,t,i
2.0260431418160856,3.010398644698074,o,n
1.1356205902501066,1.0307764064044151,l,o
1.9736473413771265,2.6575364531836625,v,e
1.4177616215799467,6.576473218982953,m,a
1.5510598191236855,2.1360009363293826,n,y
1.3373866365509264,1.6007810593582121,t,h
1.9852553558988322,2.3584952830141512,i,n
1.2017253872037492,3.0,g,s
0.9313951900240841,1.6007810593582121,t,h
1.4057173046615736,1.6007810593582121,l,i
2.229058324859401,2.6575364531836625,b,r
1.9065709565867202,2.9261749776799064,a,r
1.2969471124529326,4.0,t,o
1.7307789295935514,2.0,d,a
2.017220662972943,4.366062299143246,w,h
1.9405086196987118,3.881043674065006,a,t
1.0598259585894285,1.6007810593582121,t,h
1.5433465920281806,5.836308764964376,d,o
1.7718462519713722,2.3584952830141512,c,t
1.2779948222215132,5.0,o,r
1.5761073289912724,5.0,o,r
1.0302900380475395,1.0307764064044151,d,e
0.9722551828738176,1.0,r,e
1.588328391147435,2.692582403567252,c,a
1.116574875736061,1.0307764064044151,e,d
1.2902811769629907,1.25,s,e
1.6281612184071328,2.6575364531836625,v,e
1.2037342223784284,3.0,t,i
1.4621981152104526,5.153882032022076,m,e
0.9651158285408027,1.6007810593582121,t,h
1.2953792157125261,1.25,s,e
1.5909375085935966,5.618051263561059,c,o
1.7743069069357762,3.6400549446402595,n,d
1.5540953809612208,8.0,l,a
1.7787489678493142,1.6007810593582121,r,g
1.3425803805079979,1.25,e,s
1.910972286069319,5.618051263561059,c,o
1.855453435989435,2.0155644370746373,u,n
1.1792817530704867,1.0,t,r
1.29606720625321,1.6007810593582121,t,h
2.3260165418855037,2.9261749776799064,s,t
2.2119282064807164,5.618051263561059,o,c
1.7004942158457932,2.0155644370746373,e,x
2.066985879245429,2.692582403567252,c,h
1.7669956715071489,5.5901699437494745,a,n
1.6665084195706907,2.462214450449026,g,e
1.1646275423928458,1.6007810593582121,t,h
1.5547026092230634,1.6007810593582121,l,i
1.7316362294806609,3.816084380618437,v,i
1.5150169140970013,1.8027756377319946,n,g
0.952743776219504,1.0307764064044151,f,r
1.4287968550934735,2.0,e,q
1.251655584865501,4.0,u,e
1.4856607221199596,2.6575364531836625,n,t
1.7287630874414226,3.4003676271838605,l,y
1.357640468100815,1.0,a,s
1.3473766931059044,5.344389581607987,k,e
1.0546511864118866,6.0,q,u
0.9926560645560981,1.25,e,s
1.1522534240022897,3.0,t,i
1.8617478346972773,3.010398644698074,o,n
2.0668107413657886,5.618051263561059,c,o
1.4762968504420102,3.010398644698074,m,p
1.2728108227953594,5.5901699437494745,a,n
1.1477013984482196,5.0,i,e
1.1670358418874716,5.5901699437494745,a,n
1.4879500002100206,3.010398644698074,n,o
1.6719246815048219,2.0155644370746373,u,n
1.9077111162660347,2.1360009363293826,c,e
1.3314844453184573,5.153882032022076,m,e
0.963970508171801,1.6007810593582121,r,g
1.007450402004982,1.0,e,r
1.0656993595756736,1.6007810593582121,t,h
1.017095927137652,1.0307764064044151,d,e
1.176448641569193,2.3584952830141512,n,i
1.4655163126011257,8.0,a,l
1.183416584512825,1.6007810593582121,l,i
1.1914458653249842,1.6007810593582121,f,e
1.1398706615226133,1.25,d,r
1.407867014760272,2.0155644370746373,e,a
1.0418307504100655,6.0,q,u
1.3587574344322828,1.25,e,s
1.151129906874111,3.0,t,i
1.2501647891378163,3.010398644698074,o,n
0.981683861090219,1.6007810593582121,t,h
0.7298945236299557,3.881043674065006,a,t
1.1193690326474106,5.5901699437494745,a,n
1.0132388122377667,1.0307764064044151,s,w
1.2606483265070396,1.0,e,r
0.6462268491984838,1.0307764064044151,e,d
1.2413481204923944,1.25,s,e
1.3776466460054262,2.6575364531836625,n,t
1.0737532595992434,1.6007810593582121,t,h
1.16311925710565,5.836308764964376,i,s
1.0521593050127915,2.0155644370746373,b,y
1.0594698703832965,1.0,r,e
1.681244414488863,2.9261749776799064,g,i
1.4295805602081333,2.9261749776799064,s,t
1.0459380060500714,1.0,e,r
0.812710405448952,1.0307764064044151,e,d
1.0433634613594631,1.6007810593582121,i,l
1.6752008881399867,1.25,w,a
2.983838501515289,2.6575364531836625,n,t
2.338042965013688,2.0155644370746373,j,o
2.729230408924831,2.3584952830141512,i,n
4.896079917903711,4.8541219597369,f,o
2.486206714681022,2.462214450449026,l,u
3.0296778345642634,2.692582403567252,c,h
1.658549337900444,1.0307764064044151,f,r
6.042442109000715,6.0,q,u
1.9356411445887898,1.0,a,s
4.9745547429518755,5.344389581607987,k,e
6.310804594106839,6.0,q,u
1.5621469401115886,1.0,i,o
5.127144030183861,4.6097722286464435,n,s
3.7335908507260145,3.0,t,i
3.4361534476249744,2.9261749776799064,t,s
3.5710355859680254,2.9261749776799064,a,r
2.8093314401517313,2.6575364531836625,v,e
2.733168948308904,2.0155644370746373,e,x
7.50145161056345,7.0,p,e
2.7055396007543484,2.6575364531836625,v,e
1.5790726016399632,1.25,p,l
1.8031552987055774,1.25,s,e
7.440003634281707,7.0,o,w
2.3968207620982014,2.0155644370746373,g,u
1.2516442311016338,1.0307764064044151,d,e
1.4555841718189986,1.6007810593582121,l,i
4.732882520528584,4.25,n,e
6.451001957060624,5.836308764964376,u,a
2.9075905080495774,2.0,t,e
2.624813043937606,2.1360009363293826,c,e
2.172840494030797,1.6007810593582121,t,h
1.6031744388088278,1.0307764064044151,d,e
2.4509253992114894,2.3584952830141512,n,i
2.0382500613271177,1.6007810593582121,l,i
4.102787956454123,3.816084380618437,v,i
2.6776831199051543,2.0155644370746373,e,a
3.465228061127435,2.9261749776799064,s,t
4.264943187268149,3.881043674065006,a,t
5.972948287906066,5.836308764964376,d,o
3.9739908310160965,4.0,t,o
1.3785768080252185,1.0307764064044151,d,e
1.38298572502575,1.0,r,e
2.038320329493135,1.6007810593582121,l,i
1.7127013248447611,1.25,d,r
2.3751247138308336,2.0155644370746373,e,a
5.976448319497542,5.836308764964376,d,o
3.0761995145186862,3.010398644698074,b,i
1.5754500001983565,1.6007810593582121,l,i
1.5353103971591544,1.6007810593582121,t,h
3.110026037370909,3.0,t,i
1.5589376290442163,1.25,p,l
2.3215013225550836,2.0,e,t
2.8841372003815975,3.4003676271838605,l,y
7.000633892057562,6.82367203197809,s,o
1.8446540664850957,1.6007810593582121,t,h
1.8841205881325642,1.6007810593582121,t,h
1.8003404408958326,1.6007810593582121,l,i
3.790238615921826,6.0,p,r
2.3302386412125258,2.0,t,e
4.697303290519466,4.25,e,n
4.369780845834835,4.25,e,n
1.943440188332278,1.6007810593582121,t,h
3.2562176773827636,2.692582403567252,c,h
4.892919227056583,4.8541219597369,f,o
1.9693749999999999,1.25,w,a
2.896261863376652,2.692582403567252,c,a
2.2943181040343994,2.0,p,i
3.9087440637946615,3.881043674065006,t,a
5.202214038873256,5.5901699437494745,n,a
3.410319362794341,3.0,t,i
3.4337538246247354,3.010398644698074,o,n
2.6870618858011066,2.6575364531836625,v,e
5.017403564718509,5.153882032022076,m,e
6.602045995608103,6.576473218982953,m,a
2.1495799189899873,1.6007810593582121,t,h
7.212893885475164,7.0,w,o
2.7790585551810527,2.9261749776799064,s,t
4.297705167077542,4.0,a,g
3.244211096803813,3.010398644698074,n,o
1.5778766042137131,1.25,d,r
1.8101670244068635,1.8027756377319946,n,k
1.8890160302390235,1.6007810593582121,t,h
1.7628007722088168,1.25,w,a
1.7923879672102239,2.0,t,e
2.2896151593936045,1.25,s,e
3.692358600034671,5.618051263561059,c,o
5.1670893175582915,8.0,l,a
2.6675883888823626,2.462214450449026,g,e
4.747190710370187,5.618051263561059,c,o
3.2587879097334644,2.9261749776799064,s,t
2.3284740745013677,2.0155644370746373,e,x
3.7118025460179047,5.0,h,a
2.4121270242775363,2.462214450449026,g,e
2.1407873113646767,1.6007810593582121,t,h
5.455532119154373,5.836308764964376,i,s
1.6460815023868043,1.0,e,r
3.8955994444051867,6.82367203197809,s,o
4.953837074998026,4.8541219597369,d,i
2.5237247893738335,2.0,t,e
2.6392485465800677,2.3584952830141512,z,e
1.4392833123207536,1.6007810593582121,t,h
3.0957408341946198,3.0,f,a
2.804902460425317,2.9261749776799064,a,r
2.924016578804745,3.0,y,o
3.814138275056372,3.881043674065006,t,a
1.4344961931371587,1.0307764064044151,k,i
6.328342774030576,6.0,q,u
1.6407766120422977,1.25,e,s
3.1519870344950656,3.0,t,i
2.0053040799651805,1.6007810593582121,t,h
2.4764219210889733,2.1360009363293826,m,u
2.931238552749503,2.3584952830141512,n,i
2.7752509036346606,2.692582403567252,c,a
1.9315418266568813,1.6007810593582121,t,h
3.7788831125247846,6.576473218982953,m,a
2.723963025171231,2.3584952830141512,n,i
6.0461925958614655,5.5901699437494745,a,n
6.3491121980261935,5.153882032022076,m,e
2.8422778552157775,1.0,e,r
1.4125330527106257,1.0,r,e
3.115323864584548,2.9261749776799064,g,i
1.4992988465446107,1.0,e,r
5.738567554549219,6.576473218982953,m,a
1.5230251352160935,1.0,s,a
3.4769394947280867,3.4003676271838605,h,e
1.6093885581953167,1.6007810593582121,t,h
3.8479874549074347,4.25,n,e
2.849225621221492,2.692582403567252,c,a
1.341858377866308,1.0307764064044151,e,d
1.9261219336077873,1.25,s,e
2.095632034733197,2.6575364531836625,v,e
3.3879732234036326,3.0,t,i
4.884676294290134,5.153882032022076,m,e
1.212229931263042,1.0307764064044151,f,r
5.510096156715416,5.344389581607987,k,e
3.232415756829556,3.0,t,i
4.863443521891151,4.6097722286464435,n,s
3.6110978528869864,3.4003676271838605,h,e
1.1010417297382513,1.0307764064044151,e,d
1.4153016076529412,1.25,s,e
3.125559502413128,2.6575364531836625,v,e
3.120313711191553,3.0,t,i
5.295490665710308,5.153882032022076,m,e
3.1281696175639193,3.0,t,i
4.806188609815994,4.6097722286464435,c,k
2.172387889080815,2.0,e,t
3.177117448450718,2.9261749776799064,a,r
3.003193771324954,2.6575364531836625,v,e
2.175840555969118,2.0,r,y
2.287336391007016,2.0155644370746373,e,x
5.9005088154539695,5.836308764964376,s,i
2.8102314462068776,2.6575364531836625,v,e
3.2804784140426833,3.010398644698074,b,i
1.5769377861063507,1.6007810593582121,l,i
1.4835691391455268,1.6007810593582121,t,h
2.9504554971436185,3.0,t,i
3.0770210863146517,3.010398644698074,o,n
1.456740866841114,1.25,s,e
2.661634897600533,2.6575364531836625,n,t
1.8610121574025247,1.6007810593582121,t,h
5.871289020787939,5.836308764964376,i,s
1.4618606989467224,1.0,r,e
2.8688169872353306,2.9261749776799064,g,i
1.2043773352338538,1.6007810593582121,i,l
1.575106310896189,1.25,p,l
2.1828641914065567,2.0155644370746373,e,a
1.502650122491926,1.25,s,e
4.872498962608921,4.8541219597369,f,o
1.8876316717318027,1.6007810593582121,t,h
1.9259754022312958,2.0155644370746373,g,u
1.2525003118762086,1.0307764064044151,d,e
1.8432885778548076,1.6007810593582121,l,i
1.159623389833958,1.25,e,s
2.8859016165879607,3.010398644698074,n,o
1.6597366366761324,1.25,d,r
2.592747411651394,2.3584952830141512,i,n
1.546134181191917,1.6007810593582121,t,h
1.5976551812343616,1.25,w,a
2.468639924761203,2.0,t,e
5.86584356279001,6.0,q,u
1.4857873175946146,1.25,e,s
2.83750789921808,3.0,t,i
3.079844966167129,3.010398644698074,o,n
1.5151836367665141,1.6007810593582121,t,h
1.5826343643589944,1.6007810593582121,t,h
5.208982105759723,5.344389581607987,r,l
3.0527080651857297,2.9261749776799064,s,t
2.6539257301684236,2.462214450449026,g,e
5.801725369717615,5.618051263561059,c,o
2.7170109150498454,2.3584952830141512,n,i
1.522367902725882,1.25,e,s
2.057167485281643,2.0155644370746373,u,n
2.4975187843387685,2.1360009363293826,c,e
5.110336291832955,5.153882032022076,m,e
1.6139652886989235,1.6007810593582121,r,g
1.2647411358159426,1.0,e,r
2.988291051127718,2.9261749776799064,a,r
3.0900710170843966,3.0,y,o
1.2630952185999278,1.0307764064044151,k,i
2.100534414887078,1.8027756377319946,n,g
2.065824124290351,2.0,o,u
1.9274831387070548,1.6007810593582121,t,h
1.6405152487099897,1.6007810593582121,t,h
2.2555103531407257,2.3584952830141512,c,t
1.632385873690715,1.0307764064044151,d,e
1.352790842111226,1.0,r,e
2.317356754607499,2.0155644370746373,r,s
3.262226667189912,3.010398644698074,o,n
1.6253016883412752,1.0,s,a
3.0108110877718643,2.9261749776799064,s,t
1.496907818011851,1.6007810593582121,t,h
3.2718436794107384,2.9261749776799064,s,t
5.594743506743628,5.618051263561059,o,c
2.349837949864841,2.0155644370746373,e,x
2.962890177364831,2.692582403567252,c,h
2.074604329745795,1.8027756377319946,n,g
2.1903712477854067,2.0,t,e
2.223432994549195,2.3584952830141512,c,t
3.252444715133526,3.0,y,o
2.315093022564104,2.3584952830141512,z,e
1.687113904905356,1.6007810593582121,t,h
3.334761479476456,3.0,f,a
2.4392802281103334,2.3584952830141512,c,t
2.220312045214591,2.0155644370746373,u,n
2.9364824248154457,2.692582403567252,c,a
2.622223686587397,2.0155644370746373,u,g
1.9720351361284103,1.6007810593582121,l,i
2.110633620799688,1.6007810593582121,f,e
8.236547460101228,8.0,l,a
2.722883868713464,2.462214450449026,g,e
6.0063162912574795,5.618051263561059,c,o
1.3245183617545664,1.0,t,r
1.5884344690606533,1.6007810593582121,t,h
1.7959712944880277,1.6007810593582121,l,i
2.8045043289768694,2.6575364531836625,b,r
1.3308517596824971,1.25,s,e
2.3895,2.0,d,a
1.2651561786000967,1.0307764064044151,l,o
2.7190929381413205,2.6575364531836625,v,e
4.8730172009367045,4.6097722286464435,n,s
2.4446187362500926,2.1360009363293826,n,y
1.6271129772160873,1.6007810593582121,t,h
1.8522905583358138,1.8027756377319946,n,g
3.1692759055697564,3.0,y,e
1.7715943472618103,1.6007810593582121,t,h
2.2444507749670075,2.0155644370746373,e,a
3.208611114056984,2.9261749776799064,s,t
5.01743779233983,4.8541219597369,f,o
1.566797455201214,1.25,w,a
6.0602216672536,6.0,q,u
2.517006173636648,2.1360009363293826,c,e
2.127017997690664,2.0,r,y
1.6613207189612722,1.6007810593582121,t,h
4.235424240852385,3.881043674065006,t,a
2.495695018426731,2.3584952830141512,n,i
2.4310397241972415,2.462214450449026,l,u
2.765671722769172,2.692582403567252,c,h
2.1508195603653038,2.0,t,e
2.0220453946746604,2.0,o,u
3.8540120106358,3.816084380618437,v,i
3.0336034704003425,3.010398644698074,o,n
2.7825708942001817,2.6575364531836625,n,t
1.689914836981438,1.25,d,r
1.6642715091745095,1.8027756377319946,n,k
1.2935786903489868,1.25,w,a
2.0831433767566265,2.0,t,e
1.9788215598241794,2.0,e,t
0.9633859883245135,1.0,r,e
1.0816086399433023,1.0,e,r
1.9477216898853904,2.0155644370746373,e,x
2.638675312775333,2.6575364531836625,v,e
3.130557178842131,2.9261749776799064,a,r
1.750625,1.6007810593582121,t,h
4.142356984933215,3.881043674065006,a,t
1.1966615606030806,1.0,e,w
1.683038384329068,1.25,s,e
1.9029401798598404,2.0155644370746373,h,i
0.8797372565857376,1.0,r,e
2.0225564925670185,2.0,t,e
1.0745698630731275,1.0307764064044151,e,d
1.4550046874924498,1.6007810593582121,i,l
2.674532391956583,2.3584952830141512,c,t
1.6839096342292244,2.0,t,e
2.109828654920821,2.0,r,y
1.5102033079191695,1.25,p,l
1.2534805605293609,1.25,s,e
1.4442000002163826,1.6007810593582121,t,h
1.282590944631218,1.0307764064044151,d,e
1.8114197556750895,1.6007810593582121,l,i
2.934026803089911,3.010398644698074,b,i
1.7809980435839905,1.6007810593582121,l,i
1.3332493730075405,1.0,t,y
1.517327487105206,1.6007810593582121,t,h
0.9648211378929255,1.0,i,o
2.001691179509217,2.0155644370746373,e,x
2.724773972850776,2.692582403567252,c,h
2.2510533957738543,2.462214450449026,g,e
1.912959005376226,1.6007810593582121,t,h
2.1017951627715776,2.0,p,i
2.0745410825348825,2.0,o,u
1.2429058001815738,1.0,i,o
1.6462801487368424,1.6007810593582121,t,h
2.0824328470565385,2.0155644370746373,e,a
3.0261371261477894,2.692582403567252,c,h
2.9247866855977724,2.9261749776799064,s,t
1.564601876277157,1.25,w,a
1.4756247511647398,1.25,r,d
3.3190257253635442,3.4003676271838605,h,e
3.125693867967559,2.9261749776799064,s,t
4.227950968332651,4.0,a,g
3.3019329400557185,3.4003676271838605,h,e
1.3567935373980082,1.0307764064044151,d,e
2.7011197909385656,2.3584952830141512,n,i
2.4446174323654413,2.3584952830141512,o,m
1.416355319340807,1.25,p,l
2.017399025509084,2.0,e,t
3.368459236060309,3.4003676271838605,l,y
1.1165729446055015,1.0307764064044151,o,l
2.287105420203668,2.0,o,u
1.5975908522678766,1.6007810593582121,t,h
4.100998475981185,3.881043674065006,a,t
1.1021875124043097,1.25,e,s
1.0507060869957876,1.0,i,o
1.748865962917113,1.6007810593582121,t,h
3.9134919868641616,3.881043674065006,a,t
2.19989896429927,2.1360009363293826,m,u
3.033983092611098,2.9261749776799064,s,t
1.1206824720343402,1.0,w,e
0.9921402449376799,1.0,r,e
1.0942649430668059,1.0,r,e
1.2516923106838203,1.0307764064044151,k,i
1.9246898492029831,1.8027756377319946,n,g
1.1628615701148615,1.0307764064044151,l,o
3.064595838972898,2.6575364531836625,v,e
2.0344112515971298,2.0155644370746373,e,a
2.302238004230883,2.1360009363293826,n,y
1.721279402435874,1.6007810593582121,t,h
2.133298575563205,2.3584952830141512,i,n
2.9614099365842614,3.0,g,s
1.287612452613363,1.25,w,a
2.8679605395210723,2.6575364531836625,n,t
2.457591936225378,2.462214450449026,l,u
2.638466425430689,2.692582403567252,c,h
3.481962119714256,3.4003676271838605,h,e
1.4763205582206735,1.6007810593582121,l,i
3.7311940720264074,3.816084380618437,v,i
1.6929023617001664,1.8027756377319946,n,g
1.9264592074905196,2.0155644370746373,e,a
3.347154313741749,3.881043674065006,s,y
1.9971781851214474,1.6007810593582121,l,i
1.851979907592142,1.6007810593582121,f,e
2.4660697285863593,2.3584952830141512,b,u
1.5283215517766542,1.25,d,r
2.1620490642559433,2.0155644370746373,e,a
1.6395261939429329,1.6007810593582121,t,h
1.6120748470527044,1.25,s,e
2.5029402241414003,2.462214450449026,g,e
2.885135552491425,2.9261749776799064,s,t
1.2606483265070396,1.0,t,r
1.2031698303336067,1.0307764064044151,f,r
3.309308540409159,3.4003676271838605,l,y
1.1929770337793602,1.0,a,s
1.1677891103491247,1.0307764064044151,e,d
0.8056777426490083,1.0,i,o
4.6624810488891,4.6097722286464435,n,s
2.87363957214975,3.010398644698074,o,n
2.9466098873323903,3.0,y,e
2.6343704922855857,2.3584952830141512,n,i
2.893127249405045,2.692582403567252,c,a
1.8979204285546323,2.0,t,e
1.1713016864262598,1.0,g,h
1.4881749414131393,1.6007810593582121,i,l
1.1192488063987382,1.0307764064044151,e,d
1.7687515238509337,1.25,s,e
3.0729203129921867,2.6575364531836625,v,e
1.437204931672933,1.25,e,s
1.814315749979865,1.6007810593582121,t,h
3.029204851318246,3.010398644698074,o,n
1.2261557621790962,1.0,s,a
1.0595782179716606,1.0,e,r
2.608656323186326,2.3584952830141512,n,i
1.3258661850371627,1.25,e,s
1.726468740666914,2.0,o,u
2.9195746292268328,2.1360009363293826,c,e
1.094314882700587,1.0,e,r
1.227454747129197,1.0307764064044151,j,u
3.051101793819735,2.9261749776799064,s,t
4.188206313566704,3.881043674065006,a,t
1.819313027113531,1.6007810593582121,t,h
1.5449056049238088,1.0307764064044151,d,e
1.2924350624402758,1.0,r,e
1.7840905333670711,1.6007810593582121,t,h
1.9231571739265096,1.6007810593582121,l,i
2.846740090107455,2.9261749776799064,r,a
2.0449264083641245,2.0,r,y
1.256526524292265,1.0307764064044151,l,o
1.6563677316646808,1.25,s,e
2.17064263597788,2.0,d,a
1.3402296503304947,1.25,s,e
2.530735518703011,2.462214450449026,g,e
1.9407865109923854,2.0,o,u
2.2826780085296745,2.3584952830141512,n,i
1.339707267465546,1.0,g,h
1.4621195712475095,1.6007810593582121,i,l
2.4603959443807004,2.3584952830141512,z,e
3.2419197461727824,2.9261749776799064,t,s
1.5223995245992428,1.8027756377319946,n,k
1.2110491964614813,1.0,e,r
2.800827726427493,2.6575364531836625,v,e
3.090044508174599,3.0,g,s
6.389595859676886,6.0,q,u
2.210476931710666,2.1360009363293826,c,e
1.3803100478244013,1.25,s,e
1.0577154996146176,1.0307764064044151,e,d
1.4340851722439643,1.6007810593582121,i,l
1.2236046453511853,1.25,e,s
2.2520764342324173,2.1360009363293826,c,e
0.66525,1.0,e,r
1.8380833087757478,2.0,e,t
1.0849859230077592,1.0,r,e
3.09615028351742,2.6575364531836625,v,e
0.7932043892497067,1.0307764064044151,e,d
4.919245680233911,4.25,e,n
3.2689430942010915,3.4003676271838605,l,y
0.8392262526428734,1.0307764064044151,e,d
1.112485596816875,1.0,i,o
2.4316852245407916,2.462214450449026,g,e
1.0194557677996627,1.0307764064044151,l,o
1.5877257516649406,2.0,d,a
1.7640685086257277,1.6007810593582121,f,e
2.554350226207244,2.3584952830141512,b,u
1.3310975030026913,1.0,r,e
1.7181699612160024,2.0155644370746373,e,a
0.9956441774675329,1.0,u,i
1.265507111793529,1.25,e,s
1.2372212122838018,1.25,e,s
1.336926909931878,1.6007810593582121,t,h
0.2336009217126506,4.8541219597369,u,s
1.1454969786625366,1.0307764064044151,e,d
1.5941818875601999,2.0,o,u
3.082989116202813,3.010398644698074,o,n
1.351294246500369,1.6007810593582121,l,i
1.5488030307708596,1.6007810593582121,t,h
1.486187724725581,1.25,w,a
1.599914157853477,1.25,r,d
1.021257711109199,1.25,p,l
0.8994971164489636,1.0307764064044151,o,l
1.6580962351443902,1.6007810593582121,t,h
2.1338984057939596,2.3584952830141512,c,t
2.8469518019278093,2.6575364531836625,n,t
1.1639521105376283,1.0,t,y
1.8960678801799264,1.6007810593582121,t,h
0.9200407939325297,1.0,i,o
2.6736812169740807,2.692582403567252,c,h
3.272399208245381,3.010398644698074,o,n
1.3355706236006393,1.0,e,r
4.869798025842551,5.618051263561059,o,c
1.0512253638611466,1.0307764064044151,e,d
5.917532815709601,6.0,l,d
1.969375,2.0,o,u
2.174078917754597,1.8027756377319946,n,g
1.8307185491631421,1.25,s,e
2.8862612331959836,2.6575364531836625,n,t
1.8010413871216286,1.6007810593582121,t,h
2.207111184614404,2.0155644370746373,b,y
1.194996920759631,1.0,r,e
3.6358580765927875,2.9261749776799064,g,i
2.735616983652865,2.9261749776799064,s,t
1.2124302106203881,1.0,e,r
1.2432955828160894,1.0307764064044151,e,d
1.6958639851857225,1.6007810593582121,i,l
3.031223273078049,3.0,y,e
2.4052826659511353,1.6007810593582121,t,h
2.080862370058385,1.6007810593582121,l,i
3.8608077198948925,3.816084380618437,v,i
2.2111492769598344,1.6007810593582121,t,h
2.327727999708084,2.692582403567252,c,a
2.011690151495751,2.0,p,i
3.6648349425656264,3.881043674065006,t,a
1.8615774770674995,2.0,o,u
4.889342672141624,5.5901699437494745,n,a
1.0809188004309112,1.0,i,o
3.0142765819512976,3.010398644698074,n,o
1.8379161306014482,1.25,d,r
2.4664507045803687,2.3584952830141512,i,n
1.7763492143297719,1.6007810593582121,t,h
1.037256033062715,1.25,w,a
2.280089588426297,2.0,t,e
1.8207091037903336,2.0,e,t
2.656126423596023,2.9261749776799064,a,r
2.952488489604997,2.6575364531836625,v,e
2.60931411306209,2.0,r,y
2.7416898216474084,2.0155644370746373,e,x
3.4347984838997467,4.25,e,n
1.320851867640728,3.816084380618437,i,v
2.4490807618624997,1.6007810593582121,t,h
2.658333080263833,5.344389581607987,r,l
3.088478572149239,2.9261749776799064,s,t
3.7636656852894093,4.0,a,g
2.3269121840972,2.3584952830141512,z,e
2.7740951509005596,3.0,f,a
2.5680715679523027,2.3584952830141512,c,t
1.464208900097592,1.25,w,a
2.541692352670755,2.6575364531836625,n,t
2.1788224026983007,2.0155644370746373,j,o
2.4981156054364257,2.3584952830141512,i,n
2.404313422008453,2.462214450449026,l,u
2.479349363366324,3.0,n,c
1.914145635949626,1.6007810593582121,t,h
1.8863518776331205,1.6007810593582121,l,i
2.866678854746376,2.6575364531836625,b,r
2.188879693473353,2.0,r,y
1.553979251993089,1.0307764064044151,l,o
1.2527710098517606,1.25,s,e
2.0503853486905825,2.0,d,a
1.5508651819226578,1.0307764064044151,l,o
2.2338931543384075,2.6575364531836625,v,e
2.177475620558127,2.0155644370746373,e,a
1.3929722549731562,6.576473218982953,m,a
0.7429452053314562,1.6007810593582121,t,h
2.5473869117440717,2.3584952830141512,i,n
1.9010068261647555,1.6007810593582121,l,i
1.657608678563792,1.6007810593582121,f,e
1.8271297504556157,2.3584952830141512,b,u
1.4520278546312395,1.25,d,r
2.017399025509083,2.0155644370746373,e,a
2.6966465662235013,2.9261749776799064,s,t
1.571986765410257,1.6007810593582121,i,l
1.1526159716596855,1.0,t,y
1.5836016011768868,1.6007810593582121,t,h
3.7311087703590204,3.881043674065006,a,t
1.5904238625284772,1.0,i,o
2.8235395035531203,1.6007810593582121,t,h
2.874382088488759,2.9261749776799064,s,t
2.0430508169463137,2.0155644370746373,e,x
2.3645862481626674,2.462214450449026,g,e
1.7440499965955678,1.6007810593582121,t,h
2.2352817530738713,2.0155644370746373,e,a
2.178227450962135,2.692582403567252,c,h
3.1256938679675588,2.9261749776799064,s,t
2.0303729106373534,4.8541219597369,f,o
1.2190588903432844,1.25,w,a
1.4278511663072588,1.25,r,d
1.204116701673887,1.0307764064044151,f,r
1.8998787995882793,2.0,e,q
1.3576404681008145,4.0,u,e
2.287387992476353,2.6575364531836625,n,t
2.6037243307664117,3.4003676271838605,l,y
1.2231379342698845,1.0,i,o
2.612378528874596,2.3584952830141512,o,m
2.2070304037609,2.3584952830141512,n,i
1.3668521831657583,1.25,e,s
1.9206372070877933,2.0,o,u
2.329774378829418,2.1360009363293826,c,e
0.90009030796915,1.0,e,r
1.2868927512131694,1.0,e,r
1.4915753469486543,5.0,r,o
2.032771372566281,2.1360009363293826,e,c
1.9518946124535,3.0,y,o
3.9289149842068354,4.25,e,n
3.057466018310751,3.010398644698074,o,n
2.2912980082259047,5.153882032022076,m,e
4.779,6.0,q,u
1.1915321609696472,1.0,i,o
2.1661923138597365,1.6007810593582121,t,h
2.392046355241679,2.1360009363293826,m,u
2.691075194624818,2.9261749776799064,s,t
1.2211690735725338,1.0307764064044151,s,w
0.8534381659645884,1.0,e,r
1.189652588468583,1.0307764064044151,e,d
3.6842290789593966,3.4003676271838605,h,e
2.223177181704148,2.692582403567252,c,a
1.8870446346403682,1.0307764064044151,e,d
1.4874324196833277,1.25,s,e
2.6515879705612257,2.6575364531836625,v,e
2.100916559653191,2.0155644370746373,i,m
1.8361424619633955,1.25,e,s
0.867022464025587,1.0,s,a
3.389024548542692,3.4003676271838605,h,e
2.329714739109705,2.9261749776799064,a,r
1.9842915061174853,1.6007810593582121,t,h
2.6620227888064747,1.6007810593582121,t,h
1.681347199792476,1.6007810593582121,t,h
1.4425041161119783,1.25,s,e
2.9782656472559657,3.010398644698074,o,n
1.8125104999695871,8.0,l,a
1.809990612026759,1.6007810593582121,r,g
0.9532258143404425,1.25,e,s
1.7069941417591337,2.0,o,u
1.8319052795177488,2.0,r,y
2.5213461217423125,2.3584952830141512,o,m
2.506715122052165,2.1360009363293826,m,u
2.6347192242485726,2.3584952830141512,n,i
2.5795957925855357,2.692582403567252,c,a
2.78256067150835,2.0,t,e
2.256238130162683,1.6007810593582121,t,h
2.246784247124098,2.0,o,u
1.9399291425526346,1.6007810593582121,i,l
1.6292055195708115,1.25,p,l
1.7730773257602164,2.0155644370746373,e,a
1.4937296703637508,1.25,s,e
1.356793537398008,1.0307764064044151,o,l
1.475532832784483,1.0307764064044151,l,o
2.062142211390863,1.6007810593582121,t,h
2.1235328538193143,2.0155644370746373,g,u
1.393460580936899,1.0307764064044151,d,e
1.8263496079954133,1.6007810593582121,l,i
1.38604615836739,1.0307764064044151,j,u
2.6838936413585768,2.9261749776799064,s,t
1.9141530641840014,1.6007810593582121,t,h
2.6049002650053614,2.3584952830141512,c,t
1.2170151113482528,1.0307764064044151,d,e
0.8950173182681999,1.0,r,e
4.895288367719005,6.0,q,u
1.7331470878505955,2.0,t,e
3.377578193487902,2.1360009363293826,c,e
2.2887972312166496,2.0,r,y
2.084813934293657,1.6007810593582121,t,h
0.7860612352895919,1.0,e,r
2.825342484770651,3.010398644698074,o,n
1.0861314952619687,1.0,s,a
2.6932946395864303,2.9261749776799064,s,t
1.4929093293381883,1.0,e,r
2.5339593062290877,2.9261749776799064,a,r
3.600454229156371,3.0,y,o
3.867834764519421,3.881043674065006,t,a
0.8404322176713602,1.0,l,k
2.2812722396176217,2.3584952830141512,i,n
2.667584323878066,2.3584952830141512,o,m
1.4662780954256254,1.25,p,l
1.858049489720336,2.0,e,t
1.556075241191762,1.0307764064044151,o,l
2.3808960924670775,2.0,o,u
1.9669620373179555,1.6007810593582121,t,h
1.394791135797758,2.3584952830141512,z,e
1.7628684233728276,5.0,r,o
1.3700843267843044,1.6007810593582121,t,h
1.015161702020914,3.0,f,a
0.9807430856243645,2.3584952830141512,c,t
1.4251967682130773,5.618051263561059,c,o
1.0077066320363284,8.80695747690427,p,a
1.2683689575592745,2.3584952830141512,n,i
1.7206120731443213,1.25,e,s
1.1021190101345681,5.5901699437494745,a,n
1.5969896387422184,3.010398644698074,n,o
1.5372646821952944,2.1360009363293826,c,e
1.0512253638611466,5.153882032022076,m,e
1.3308517596824978,2.462214450449026,g,e
1.3603358558183343,5.618051263561059,c,o
0.7639865120700756,2.1360009363293826,m,u
1.4537397516835677,2.3584952830141512,n,i
1.4929547569333774,2.692582403567252,c,a
1.5713312230398784,2.0,t,e
1.4134317336274147,1.6007810593582121,t,h
1.5572353105744816,2.0,o,u
1.18019588548893,1.0,g,h
1.4420467767205059,6.576473218982953,m,a
1.2273397616898918,3.4003676271838605,h,e
1.4679420650182347,2.692582403567252,c,a
1.1574085412031485,1.0307764064044151,e,d
1.3482060592227731,1.25,s,e
1.4459166264432401,2.6575364531836625,v,e
1.7958470146423937,3.0,t,i
1.4360804567032448,5.153882032022076,m,e
1.342641449717682,1.6007810593582121,t,h
0.993085666307293,4.8541219597369,d,i
1.5041233742615663,1.0,s,a
0.9026858274754289,2.0,t,e
1.294464464556675,1.6007810593582121,t,h
1.1999228425715547,7.0,w,o
1.4532370978267795,6.0,l,d
1.1138346278173432,1.25,p,l
1.619270948992169,2.0155644370746373,e,a
1.2575341073903326,1.25,s,e
1.2769897036096256,4.8541219597369,f,o
1.4073805955124583,7.0,o,w
1.4639743263203084,1.6007810593582121,t,h
1.6299719754109265,2.0155644370746373,g,u
1.3900207563648104,1.0307764064044151,d,e
1.3919480111070957,1.6007810593582121,l,i
1.4885937837855563,4.25,n,e
1.2605720241719633,1.0,s,a
1.284552530309679,3.4003676271838605,h,e
1.5031049790766444,2.9261749776799064,a,r
1.4277561503982392,1.6007810593582121,t,h
1.4956746648669959,3.881043674065006,a,t
1.856713915093006,4.25,n,e
1.3668241760098485,1.6007810593582121,t,h
1.6856715001001832,1.6007810593582121,l,i
1.378510138927168,2.6575364531836625,b,r
1.1539882202605012,2.0,r,y
1.1574085412031485,1.0307764064044151,l,o
1.3350447675078168,1.25,s,e
1.0104207740466349,4.0,t,o
1.3305,2.0,d,a
1.5414496930649413,1.6007810593582121,l,i
1.1753315556152655,1.6007810593582121,f,e
0.8809485743362098,2.3584952830141512,b,u
0.9965456587633105,1.25,d,r
2.030107328597432,2.0155644370746373,e,a
1.3427408594457086,1.6007810593582121,t,h
1.4619939135047724,2.692582403567252,c,a
0.9936725127022484,2.0,p,i
1.3182790035686678,3.881043674065006,t,a
1.214090773480303,5.5901699437494745,n,a
1.4793535116732583,3.0,t,i
1.8694286309592023,3.010398644698074,o,n
1.7687793107112035,3.0,y,e
1.4512095870772765,3.010398644698074,n,o
1.096256164463854,1.25,d,r
1.9199058611361655,2.3584952830141512,i,n
1.4395530610661769,1.6007810593582121,t,h
1.1886371726161857,1.25,w,a
1.4169675477053096,2.0,t,e
0.9532258143404425,1.0307764064044151,l,o
1.5599377641832386,2.6575364531836625,v,e
1.4189484057304544,5.153882032022076,m,e
1.7505150001142522,5.5901699437494745,a,n
1.6519494780788542,6.576473218982953,m,a
1.0960087248740313,2.1360009363293826,n,y
1.3565750359360886,1.6007810593582121,t,h
2.1887887418044714,2.3584952830141512,i,n
1.0351122221769002,1.25,s,e
0.8069324824605839,2.6575364531836625,n,t
1.2973703752687584,1.6007810593582121,t,h
1.839940169713407,5.836308764964376,i,s
1.3346481863210244,2.0155644370746373,b,y
1.1868175012401863,1.0,r,e
1.4794333427447823,2.9261749776799064,g,i
1.8317279495738439,2.0,t,e
1.1977824888622304,6.576473218982953,m,a
1.356582292242162,1.6007810593582121,i,l
1.406584587973649,1.6007810593582121,t,h
1.3481135894278349,6.0,p,r
1.8393324876160917,2.0,t,e
1.1904043758845144,2.3584952830141512,c,t
1.6460815023868043,3.0,y,o
1.4747683557511668,3.0,u,r
2.0149453505306294,4.25,e,n
1.2182394635805394,3.816084380618437,v,i
1.5128307283037326,5.0,r,o
1.358505457524923,5.153882032022076,m,e
1.5408954022337142,2.6575364531836625,n,t
2.0831985060538516,6.0,q,u
1.3624464037623645,1.25,e,s
1.1649468134318408,3.0,t,i
1.5063642747108024,3.010398644698074,o,n
1.1031635474851407,1.6007810593582121,t,h
1.9330582149795696,3.881043674065006,a,t
1.1764486415691933,2.1360009363293826,m,u
1.2846734324819675,2.9261749776799064,s,t
1.4504685126709922,5.5901699437494745,a,n
0.5818510467679852,1.0,w,e
1.2347603322608809,1.0,r,e
1.6996301987491278,3.881043674065006,t,a
1.6642715091745093,3.010398644698074,b,i
1.3411425457888515,1.6007810593582121,l,i
1.3300938406744092,1.0,t,y
1.3881010409908927,1.6007810593582121,t,h
1.2178721838723472,5.5901699437494745,n,a
1.2433677113488995,3.0,t,i
1.5803105806296436,3.010398644698074,o,n
1.0585248284759312,1.6007810593582121,t,h
0.961956737917564,4.0,t,o
1.1464113163476708,2.0155644370746373,e,x
1.2682697982882032,2.692582403567252,c,h
0.9991302780418577,5.5901699437494745,a,n
1.0824092629407782,2.462214450449026,g,e
1.3889462788837448,1.6007810593582121,t,h
1.4856607221199591,1.6007810593582121,l,i
2.129474010759464,3.816084380618437,v,i
1.4201365086233786,1.8027756377319946,n,g
1.2071259319660896,2.0155644370746373,e,a
1.1171761974952745,3.881043674065006,s,y
1.1555122511250149,1.6007810593582121,t,h
1.3442184822881287,1.25,s,e
1.4657588691527677,5.618051263561059,c,o
1.0976321816756283,3.6400549446402595,n,d
1.1477013984482203,8.0,l,a
1.9888480844762877,2.462214450449026,g,e
1.3194964297507592,2.9261749776799064,s,t
1.4066149137646022,5.618051263561059,c,o
1.9184919411154688,2.0155644370746373,u,n
0.9240265485904617,1.0,t,r
1.2016115805970746,1.25,w,a
0.9036376832005182,2.6575364531836625,n,t
1.087601776846655,2.0155644370746373,j,o
1.456526143345872,2.3584952830141512,i,n
0.8370822185574125,4.8541219597369,u,s
1.0512253638611466,4.8541219597369,f,o
1.820792002295979,2.462214450449026,l,u
1.4184395971013357,2.692582403567252,c,h
1.36746897816733,1.0307764064044151,j,u
1.0726148685572097,2.9261749776799064,s,t
1.405635643579089,3.881043674065006,a,t
1.4354572877658183,1.6007810593582121,t,h
1.4782544446491612,5.836308764964376,d,o
1.7359549605332514,5.0,o,r
1.0380739677402555,5.0,o,r
1.25920645274117,1.0307764064044151,d,e
1.4922380946919966,1.0307764064044151,e,d
1.4661692006722826,3.0,t,i
1.6131030703662437,5.344389581607987,k,e
1.6067944456665888,2.9261749776799064,a,r
0.8583898626207089,2.6575364531836625,v,e
0.9173298888622348,2.0,r,y
1.5299867084798482,2.0155644370746373,e,x
1.2706021517867028,7.0,p,e
1.5918316886530435,5.836308764964376,s,i
1.7157269687365766,2.6575364531836625,v,e
1.9237428768549087,2.9261749776799064,a,r
1.8037641891333802,3.0,y,o
1.0158854666004433,3.881043674065006,t,a
1.0594378594920046,1.0307764064044151,k,i
1.1169617551644284,1.8027756377319946,n,g
0.939237132264797,1.0307764064044151,f,r
1.243644775699637,6.0,q,u
1.2443516635179943,4.25,e,n
1.451549441545137,3.4003676271838605,l,y
1.2779948222215145,1.0,a,s
0.9873242327751306,5.344389581607987,k,e
1.6816158338039042,6.0,q,u
1.1151457864333256,1.25,e,s
1.5232262020133454,3.0,t,i
1.936175615904973,3.010398644698074,o,n
0.9178889502548773,5.618051263561059,c,o
1.2973703752687584,1.25,p,l
1.6627073413938487,2.0,t,e
1.359464795884763,3.4003676271838605,l,y
0.8472667912912675,1.0307764064044151,o,l
1.0779042817546463,2.0,o,u
1.4105044144294625,1.6007810593582121,t,h
1.626222665027763,3.881043674065006,a,t
1.1924313987081188,6.0,q,u
1.401349422208822,2.9261749776799064,a,r
1.8673457767644428,2.0,t,e
1.0771582114527096,2.1360009363293826,c,e
1.1506576176799945,2.0,t,u
1.3239765504909822,2.0,r,y
1.1412343167049437,6.0,w,i
1.7561866536618485,1.6007810593582121,t,h
1.0899263521564195,2.0155644370746373,e,a
0.9456838216999384,2.692582403567252,c,h
1.3839961163240306,2.0,t,e
1.0766351517575485,4.8541219597369,f,o
1.3684180704832134,1.25,w,a
1.3108623592887239,1.25,r,d
3.429655458278572,2.9261749776799064,s,t
4.91115183154624,5.0,h,a
1.6311545853321197,1.6007810593582121,t,h
6.072523713416029,5.618051263561059,o,c
4.920245498511735,5.0,o,r
1.4921794724914963,1.25,r,d
1.1339965897766184,1.0,e,r
1.2070072105211298,1.0307764064044151,e,d
1.392990364736957,1.6007810593582121,t,h
1.5612792080934788,1.0307764064044151,d,e
2.537539313119109,2.3584952830141512,n,i
2.468312037101468,8.0,a,l
1.1659106419447418,1.6007810593582121,t,h
1.5422611899820988,1.25,s,e
5.096048850886833,5.618051263561059,c,o
3.498900302684402,3.6400549446402595,n,d
3.496701108276915,2.9261749776799064,a,r
2.885588902200035,2.462214450449026,g,e
2.515397399641854,2.9261749776799064,s,t
1.9629861061976475,2.0,o,u
2.4420627039451714,2.0,r,y
1.5844978404055965,1.6007810593582121,t,h
3.835246913905935,2.9261749776799064,s,t
3.6623023517488287,4.6097722286464435,c,k
2.7052820584229282,2.692582403567252,c,h
2.8208595542848283,2.462214450449026,g,e
2.667838105329857,2.0155644370746373,u,n
3.084609256555034,2.692582403567252,c,a
1.8913537851562832,2.0,t,e
1.8258440599487131,1.6007810593582121,t,h
2.4867354226977985,2.0,o,u
0.9806014098500982,1.0,g,h
6.601742975343709,6.576473218982953,m,a
1.4777489902297343,1.6007810593582121,i,l
2.004078131273828,2.0,t,e
2.6973850328837004,2.3584952830141512,c,t
2.0770612728684728,2.0,o,u
2.9648615323906777,3.010398644698074,n,o
1.6861502472348069,1.25,d,r
2.094854205099964,1.8027756377319946,n,k
2.1427595817076632,1.6007810593582121,t,h
1.7720394015441645,1.25,w,a
1.155507525126946,1.0,e,r
4.515628088234239,4.6097722286464435,c,k
2.2934002321880063,2.0,e,t
1.5007542374586185,1.0,r,e
1.5779279134358455,1.0,e,r
2.7906411365714865,2.0155644370746373,e,x
6.155067185864017,5.836308764964376,s,i
3.3686692963431417,2.6575364531836625,v,e
1.7282936174519077,1.0,s,a
2.5976652979165733,2.0155644370746373,e,a
1.8922644007907568,1.6007810593582121,t,h
4.257305355577047,3.881043674065006,a,t
1.6873349734122152,1.0,e,w
1.4830404263707715,1.25,w,a
2.608933432698121,2.6575364531836625,n,t
2.831000002759626,2.3584952830141512,i,n
4.572326695048157,4.8541219597369,f,o
2.612043123926173,2.462214450449026,l,u
3.1390014659322794,2.692582403567252,c,h
2.0965545582276173,2.0,e,t
2.234357751681677,1.6007810593582121,t,h
1.5540855229040642,1.0,e,r
3.4062604862223913,3.010398644698074,o,n
1.5611790266093766,1.0,s,a
1.8478903723232605,1.0,e,r
1.6889385442490206,1.6007810593582121,t,h
3.2289036089089125,2.692582403567252,c,h
2.5747823026908505,2.0,t,e
1.7978027952545297,1.25,w,a
1.8062679843395333,1.25,r,d
1.6912579314300349,1.0307764064044151,l,o
3.185044115177214,2.6575364531836625,v,e
2.5589298941403227,2.0155644370746373,e,a
5.060483569099399,4.6097722286464435,n,s
3.1259219964875964,2.1360009363293826,n,y
2.327907026708756,1.6007810593582121,t,h
2.0819112500596657,1.8027756377319946,n,g
2.1742258392356573,1.25,p,l
2.6231886637497124,2.0155644370746373,e,a
1.9428075086392371,1.25,s,e
2.0454285347146692,1.6007810593582121,t,h
1.336859829273436,1.0,u,i
1.6113235873420955,1.0307764064044151,d,e
2.2462199984084377,1.6007810593582121,l,i
1.9349222368095316,1.25,e,s
1.337655656830262,1.0,r,e
2.153409451457154,3.0,y,o
1.9127268901361738,1.0307764064044151,k,i
2.007224732061659,1.8027756377319946,n,g
4.092133553004471,3.881043674065006,t,a
1.7336537464268926,1.6007810593582121,i,l
1.3963327862655097,1.0,t,y
1.8819773178760681,1.6007810593582121,t,h
1.3339768785477497,1.0,i,o
2.4768706630040254,1.6007810593582121,f,e
4.371557377668742,3.881043674065006,i,f
2.6054192081121994,2.3584952830141512,b,u
1.3206439776203878,1.25,d,r
4.0588877036233715,5.0,r,o
1.5476154692380795,1.6007810593582121,t,h
3.3350205794904775,3.0,f,a
4.258632888395642,4.0,u,e
1.3119274525007092,2.9261749776799064,s,t
2.347402317589595,3.010398644698074,o,n
1.7721832315677741,1.6007810593582121,t,h
3.739186680449374,3.881043674065006,a,t
2.7310704174370897,2.1360009363293826,m,u
3.154954944706025,2.9261749776799064,s,t
1.682310984925201,1.0307764064044151,s,w
1.2768235060590798,1.0,e,r
1.2973214532740138,1.0307764064044151,e,d
1.38030767063905,1.6007810593582121,t,h
5.70623077351635,5.0,o,r
6.261360082132715,6.0,l,d
2.6839922602580284,2.3584952830141512,o,m
3.019360975955839,2.3584952830141512,n,i
1.7032153416406277,1.25,e,s
2.7606172911370748,3.010398644698074,n,o
2.8089444553292613,2.0155644370746373,u,n
2.4829698070053126,2.1360009363293826,c,e
1.4971481744470054,1.0,e,r
1.2037133236884103,1.0,e,r
1.510659510362941,1.6007810593582121,t,h
2.20920938912544,1.6007810593582121,l,i
2.7793332664957617,2.9261749776799064,r,a
2.1637699161417325,2.0,r,y
2.1475981715046233,2.0,d,a
1.1946243394891969,1.6007810593582121,t,h
6.066520051170192,5.836308764964376,i,s
2.1299264548629373,2.0155644370746373,e,a
4.27690881361761,3.881043674065006,s,y
1.2257560995667123,1.6007810593582121,t,h
3.128828999202417,2.692582403567252,c,a
1.4468981693609273,1.0,i,o
1.8634049814787983,1.25,s,e
3.0648699630857097,2.6575364531836625,n,t
1.3812043714182924,1.6007810593582121,t,h
5.73375754850168,5.836308764964376,i,s
2.6697626591609223,2.0155644370746373,b,y
1.4714197438188732,1.6007810593582121,i,l
1.4680970676355158,1.0,r,e
3.3719359818396613,4.25,e,n
2.227249456308161,4.366062299143246,t,l
2.0485922186040346,1.0,a,s
1.7536406772768474,1.0307764064044151,e,d
1.27221431591733,1.25,e,s
1.2978912945620675,1.0,i,o
3.2357781135300363,2.692582403567252,c,a
1.812337320285603,1.0307764064044151,e,d
1.6753347286811073,1.25,s,e
2.760102616412115,2.1360009363293826,c,e
3.424663765430119,3.0,u,r
2.8464776973041617,2.3584952830141512,o,m
1.6960955161782603,1.25,p,l
2.297002856985598,2.0,e,t
3.8811040733436917,6.329494450586081,e,l
1.2621562031896052,1.0307764064044151,o,l
5.272348530896833,2.0,o,u
2.2864692828135698,2.3584952830141512,z,e
1.2335754245788948,1.6007810593582121,t,h
2.7578052556562076,3.0,f,a
2.9381498696033193,2.9261749776799064,t,s
2.079124492725243,5.836308764964376,u,a
1.261134094030052,1.0,r,t
2.34049017969527,2.1360009363293826,c,e
2.156134221529355,2.0,t,u
2.3988273078996327,2.0,o,u
2.4739977579314822,3.881043674065006,t,a
1.244862253926112,1.0307764064044151,k,i
1.637440170662733,1.8027756377319946,n,g
1.521490392879627,1.6007810593582121,l,i
1.801786374858296,1.6007810593582121,f,e
1.3715659959513433,1.25,d,r
1.4249266318831995,1.25,p,l
2.0389341348484016,2.0155644370746373,e,a
1.424551206740214,1.25,s,e
3.17576217475821,4.8541219597369,f,o
1.9110186501575537,7.0,o,w
1.6319911774041551,1.6007810593582121,t,h
1.7674734792918396,2.0155644370746373,g,u
1.3496865897774195,1.0307764064044151,d,e
1.4196041921958384,1.6007810593582121,l,i
2.354292356526691,4.25,n,e
4.194084591719628,5.618051263561059,c,o
2.0879488888619857,2.0155644370746373,u,n
2.625629641747861,2.692582403567252,c,a
2.249800425176642,2.0,t,e
1.964062833134419,1.6007810593582121,t,h
2.549288286095749,5.0,r,o
1.3170671074873144,1.0,g,h
4.074803747191391,5.153882032022076,e,m
1.6173866749327452,1.6007810593582121,i,l
1.7410924462101374,1.0,s,a
2.145476451309825,2.0155644370746373,e,a
1.58079083254237,1.6007810593582121,t,h
1.2267933938728233,1.0,e,w
1.46172603986691,1.6007810593582121,t,h
2.3991182136620526,2.9261749776799064,s,t
2.7213650641727583,4.6097722286464435,c,k
1.9892049487483685,2.0155644370746373,e,x
2.833263516909431,2.692582403567252,c,h
2.0472356705140227,5.5901699437494745,a,n
2.3737298873555512,2.462214450449026,g,e
2.0553663944963683,1.25,w,a
1.995795991734876,2.0155644370746373,j,o
3.851967567441995,4.8541219597369,f,o
2.353624664745847,2.462214450449026,l,u
1.374366996338678,1.0307764064044151,j,u
2.9922874245717104,2.9261749776799064,s,t
2.7762939241234887,5.0,h,a
1.5275978794335896,1.6007810593582121,t,h
2.9905411639241817,5.836308764964376,d,o
2.3197640505016883,4.0,t,o
2.687056986742187,5.0,o,r
1.4366234120760386,1.0307764064044151,d,e
1.1644209196527684,1.0,r,e
0.44850900562307555,3.4003676271838605,h,e
3.573868179665417,8.0,a,l
1.2171463166973804,1.0307764064044151,e,d
1.342027925612951,1.25,s,e
2.592115391552814,2.6575364531836625,v,e
3.29267459673743,3.0,t,i
2.2239986124377418,5.153882032022076,m,e
2.0657917860048243,2.0,e,t
2.5806627812686025,3.881043674065006,t,a
2.7443255375866036,3.010398644698074,b,i
1.6216414234503258,1.6007810593582121,l,i
1.0809188004309112,1.0,t,y
1.7085587722185618,3.4003676271838605,h,e
1.6805377534066295,5.5901699437494745,n,a
2.874292657550723,3.0,t,i
2.9627284985718827,3.010398644698074,o,n
2.549732721899493,5.618051263561059,c,o
1.7156714838875768,1.25,p,l
2.4792244755164874,2.0,e,t
2.9430156992870424,6.329494450586081,e,l
1.2261557621790962,1.0307764064044151,o,l
2.10078900728393,2.0,o,u
2.0116901514957517,1.6007810593582121,t,h
1.900664460294084,5.0,r,o
2.2754337017918145,2.0,t,e
2.431906511617994,2.3584952830141512,c,t
2.101083150722503,2.0,o,u
3.6419047407400704,4.0,i,r
4.024440372585983,3.010398644698074,o,n
2.2365164353576743,5.153882032022076,m,e
1.4873089057926059,2.6575364531836625,n,t
1.8010966190768332,1.6007810593582121,t,h
1.7524826719899402,1.6007810593582121,l,i
3.949783273326525,3.816084380618437,v,i
1.9124683820915833,1.8027756377319946,n,g
2.5660844198895716,2.0155644370746373,e,a
3.2887259786275904,3.881043674065006,s,y
3.941432918765078,4.0,u,e
3.232934118664499,2.9261749776799064,s,t
1.424769986918942,1.0,i,o
1.8164232453505984,1.6007810593582121,t,h
1.817231139845727,2.1360009363293826,m,u
2.9565613948047824,2.9261749776799064,s,t
1.5732073776603643,1.6007810593582121,t,h
2.353508023276105,2.0155644370746373,e,a
2.868713629943742,2.692582403567252,c,h
2.2668749999999998,2.0,t,e
2.645159414501326,4.8541219597369,f,o
1.4041641920106778,1.25,w,a
1.4127947148294404,1.25,r,d
1.362834878571135,1.0307764064044151,f,r
1.5954081423338036,4.0,u,e
2.2967413906717926,2.6575364531836625,n,t
1.6629657853139972,3.4003676271838605,l,y
1.375127545220806,1.0,a,s
1.8710509120879102,5.344389581607987,k,e
2.7053430841808215,6.0,q,u
2.565794528503792,2.9261749776799064,s,t
1.475555811592702,1.0,i,o
1.7331186575794515,1.6007810593582121,t,h
1.4205923610416886,1.0307764064044151,d,e
2.112488494791155,2.3584952830141512,n,i
1.5825064968271065,8.0,a,l
1.6806458254566903,1.6007810593582121,t,h
2.5079059990358488,2.692582403567252,c,a
2.8822294132537403,2.0,p,i
4.197050459846773,3.881043674065006,t,a
2.057334915157228,5.5901699437494745,n,a
3.5811686749055824,3.0,t,i
3.775500997384321,3.010398644698074,o,n
1.8456996386871833,1.6007810593582121,t,h
3.29099568899748,4.8541219597369,d,i
1.4706041275611867,1.0,s,a
1.6813198684366994,1.0,e,r
2.384524326909877,2.3584952830141512,n,i
1.924132860699853,1.25,e,s
1.6324783545655368,5.153882032022076,m,e
1.6623185286295166,1.6007810593582121,r,g
1.4270542703853277,1.0,e,r
1.6401458490786727,1.6007810593582121,t,h
1.5395788435884015,1.25,s,e
2.3148284223674116,5.618051263561059,c,o
3.183071661638329,3.6400549446402595,n,d
2.8460384336169815,2.9261749776799064,a,r
2.5665105962424937,2.462214450449026,g,e
2.460956003898688,2.9261749776799064,s,t
2.510454702339797,5.618051263561059,c,o
1.8390202724548739,2.0155644370746373,u,n
1.2604964857646377,1.0,t,r
1.566193524520517,1.6007810593582121,t,h
1.740491098978963,1.6007810593582121,l,i
1.9459188261911131,2.6575364531836625,b,r
2.4342566755582693,2.0,r,y
1.2635471523651183,1.0307764064044151,l,o
1.5948232317799365,1.25,s,e
3.532623761543961,4.0,t,o
2.0923324492357804,2.0,d,a
2.765888840522157,3.0,t,i
2.269775350254954,4.6097722286464435,c,k
2.132823304917686,2.0,e,t
1.4799005298076628,1.0,r,e
2.643687794776455,2.6575364531836625,v,e
2.217359303597412,2.0,r,y
2.1522333059231746,2.0155644370746373,e,x
2.389516481555421,7.0,p,e
1.5666809064069176,4.6097722286464435,n,s
2.501333784828607,3.816084380618437,i,v
1.107862024633483,1.0307764064044151,l,o
1.5124539920688496,2.6575364531836625,v,e
1.5362576128778012,5.153882032022076,m,e
3.6789507102059686,5.5901699437494745,a,n
1.7664112497164972,6.576473218982953,m,a
2.1514277127351966,2.1360009363293826,n,y
2.086440693052405,1.6007810593582121,t,h
2.136822092793408,1.8027756377319946,n,g
2.4831623015068915,3.010398644698074,n,o
1.6636280007862332,1.25,d,r
2.9141780359133853,2.3584952830141512,i,n
2.0526986239156,1.6007810593582121,t,h
1.6776592696373123,1.25,w,a
1.4546851893107315,1.0,e,r
1.7773907315219126,1.25,s,e
1.6168185291646064,2.6575364531836625,n,t
1.692178597622012,1.6007810593582121,t,h
1.3372950543915134,1.0,r,e
2.810501526084802,2.9261749776799064,g,i
1.0241623787881486,1.0,e,r
1.7845429124148289,1.6007810593582121,t,h
3.3085462819794444,5.0,o,r
1.5757186654031876,6.0,l,d
2.7203987098631335,2.9261749776799064,s,t
4.280448505267877,4.0,a,g
2.6707227778730607,3.010398644698074,n,o
1.6465073735789946,1.25,d,r
2.2479148706356735,2.3584952830141512,i,n
1.7085965457796053,1.25,w,a
2.4367872547680482,2.0,t,e
4.352126680213363,4.25,e,n
4.07709057570469,4.366062299143246,t,l
1.483569139145527,1.25,e,s
3.041330927817622,3.0,t,i
5.427196371343587,8.0,a,l
2.4818639070515127,2.6575364531836625,v,e
2.3289869578853377,3.0,t,i
1.4244421770029843,1.25,e,s
4.5206693987174065,4.697073557013984,i,c
3.2670571094258514,2.9261749776799064,t,s
1.768796006468807,2.0,r,y
1.960519526171571,7.0,p,e
1.9509636481108508,5.836308764964376,s,i
1.8213097107576186,2.3584952830141512,z,e
4.373099553305985,5.0,r,o
1.8908239606055344,3.0,f,a
2.2006500637595705,2.3584952830141512,c,t
2.467719962333652,7.0,w,o
2.6195110379849513,5.344389581607987,r,l
1.6232714749080013,1.6007810593582121,l,i
3.1049005745957468,3.816084380618437,v,i
1.5985469964940038,2.0155644370746373,e,a
1.872423563192901,2.692582403567252,c,a
2.338940532057196,3.881043674065006,t,a
2.7402321782332604,5.5901699437494745,n,a
2.8856078242936967,3.010398644698074,o,n
1.985264725735588,4.366062299143246,w,h
1.9238054166806997,5.836308764964376,d,o
1.9440270903783727,2.3584952830141512,c,t
0.7986091816401814,1.0307764064044151,d,e
1.1847199695497665,1.0307764064044151,e,d
1.737274432300493,5.836308764964376,d,o
2.6286117920158922,3.0,y,e
1.274051914660466,1.0307764064044151,l,o
2.222121635397126,2.6575364531836625,v,e
1.8423241096506338,5.153882032022076,m,e
2.083227941500881,5.5901699437494745,a,n
1.4954450267813262,1.6007810593582121,t,h
2.4375210063197406,2.3584952830141512,i,n
2.9497629777661794,3.0,y,o
1.319419314746074,1.0,l,k
1.7773261166707701,1.8027756377319946,n,g
2.2057593965854485,2.9261749776799064,s,t
1.8938971271230653,1.6007810593582121,l,i
2.0511703861759023,5.5901699437494745,n,a
3.194645544696626,3.010398644698074,o,n
2.021493588445187,3.0,t,i
1.4631889029188954,1.6007810593582121,t,h
1.6125775175165997,3.881043674065006,a,t
1.9243903458303362,2.1360009363293826,m,u
2.036717445578792,2.9261749776799064,s,t
0.8806505851499787,1.0307764064044151,s,w
1.3900679839489865,1.0,e,r
1.2152595530379509,1.0307764064044151,e,d
1.95867991658285,3.4003676271838605,h,e
2.219360078096838,2.9261749776799064,a,r
1.5051454092960586,1.6007810593582121,t,h
1.7523229225801962,3.881043674065006,a,t
2.3792472352090686,2.3584952830141512,o,m
1.562469689706011,1.25,p,l
2.9246695993949468,3.4003676271838605,l,y
2.051552190568156,6.82367203197809,s,o
2.127756759623853,2.0,o,u
1.6827582361260336,1.6007810593582121,t,h
3.0188548843062994,3.881043674065006,a,t
2.094223920244681,5.618051263561059,c,o
2.0290311303982005,2.3584952830141512,n,i
1.7819951073165157,1.25,e,s
2.1682579593131908,2.0,o,u
1.4949468897338793,2.1360009363293826,c,e
1.7943926549114046,5.153882032022076,m,e
1.1209937346501988,1.0,e,r
1.480230097189285,1.25,s,e
2.3095298899343133,2.6575364531836625,n,t
1.4154909318413171,1.6007810593582121,t,h
2.4753674600955704,5.836308764964376,i,s
1.9767610265912263,2.9261749776799064,g,i
1.9208786482362694,6.576473218982953,m,a
1.5096180083882154,1.6007810593582121,i,l
1.8579759021916833,1.6007810593582121,l,i
1.222756031471528,1.6007810593582121,f,e
1.2465883755775198,1.25,d,r
1.4248943820508242,6.0,q,u
0.7211553664086542,1.0,e,r
1.698849413021943,2.1360009363293826,c,e
1.3011661236175809,2.0,r,y
1.1396653017443328,1.6007810593582121,t,h
1.8022937642071561,2.9261749776799064,s,t
1.413865009689751,4.6097722286464435,c,k
2.2495680696524833,2.0155644370746373,e,x
2.5094763958343984,2.692582403567252,c,h
1.6726330290891664,2.462214450449026,g,e
2.629153110437847,3.0,y,o
2.9772941390841785,3.816084380618437,v,i
2.556257921748116,3.010398644698074,o,n
1.9390527648828955,4.25,e,n
2.1227466913470856,6.0,w,i
2.2801466681169873,2.0155644370746373,e,a
2.474439393579887,2.692582403567252,c,h
1.628646869336628,2.9261749776799064,s,t
1.6743904207949831,4.8541219597369,f,o
1.2906854404733945,1.25,w,a
1.828427675798252,4.8541219597369,d,i
1.173168712558002,1.0,e,r
2.005290444206275,2.3584952830141512,o,m
2.617376122307415,2.0155644370746373,u,n
1.3815646134908057,2.692582403567252,c,a
1.7943963339031312,2.0,o,u
2.187169589332295,5.153882032022076,e,m
1.3948844766234232,1.6007810593582121,i,l
1.6850809420469983,1.6007810593582121,l,i
1.7734449394117093,2.9261749776799064,r,a
1.9348176957080478,5.5901699437494745,c,l
2.6875128371786436,4.0,t,o
1.262627549249976,1.25,w,a
1.9391684308293073,2.0155644370746373,j,o
1.9935604494534402,2.462214450449026,l,u
1.5596123967592077,1.25,s,e
2.876958164668023,3.010398644698074,o,n
1.8995581147335296,8.0,l,a
1.8461001843413052,1.25,e,s
2.1422255731481687,2.0155644370746373,u,n
0.9699180377743264,1.0,t,r
1.1000220807442913,1.0307764064044151,d,e
1.3926832969577114,1.25,p,l
1.0155892993725366,1.0307764064044151,o,l
1.6232404704787267,7.0,o,w
1.7806399701020414,4.8541219597369,i,d
0.9964205076798643,1.6007810593582121,l,i
