pid,target,word,count,insert_start_time,insert_end_time,category,swipe_ratio,tap_ratio,swipe_dist,swipe_key_set
2,sad,sad,3,1900-01-01 14:29:53.838,1900-01-01 14:29:55.935,top1,0.0,1.0,[],[]
2,to,to,2,1900-01-01 14:29:55.935,1900-01-01 14:29:56.642,top1,0.0,1.0,[],[]
2,hear,hear,4,1900-01-01 14:29:56.642,1900-01-01 14:29:57.535,top1,0.0,1.0,[],[]
2,that,that,4,1900-01-01 14:29:59.177,1900-01-01 14:30:01.354,top1,0.0,1.0,[],[]
2,news,news,4,1900-01-01 14:30:01.354,1900-01-01 14:30:02.754,top1,0.0,1.0,[],[]
2,love,love,4,1900-01-01 14:30:07.241,1900-01-01 14:30:11.518,top1,0.3333333333333333,0.6666666666666666,"[[1.0443933945118573, 1.0307764064044151]]","[['l', 'o']]"
2,means,means,5,1900-01-01 14:30:11.518,1900-01-01 14:30:13.469,top1,0.0,1.0,[],[]
2,many,many,4,1900-01-01 14:30:15.795,1900-01-01 14:30:17.121,top1,0.0,1.0,[],[]
2,things,things,6,1900-01-01 14:30:17.121,1900-01-01 14:30:23.608,top1,1.0,0.0,"[[1.539850911005673, 1.6007810593582121], [2.2723398767845007, 2.3584952830141512], [3.130148019662968, 3.0]]","[['t', 'h'], ['i', 'n'], ['g', 's']]"
2,the,the,3,1900-01-01 14:30:24.110,1900-01-01 14:30:26.185,top1,0.0,1.0,[],[]
2,stock,stock,5,1900-01-01 14:30:28.961,1900-01-01 14:30:31.413,top1,0.0,1.0,[],[]
2,exchange,exchage,8,1900-01-01 14:30:49.197,1900-01-01 14:30:52.299,incorrect,0.0,1.0,[],[]
2,dipped,dipped,6,1900-01-01 14:30:52.299,1900-01-01 14:30:57.427,top1,0.0,1.0,[],[]
2,are,are,3,1900-01-01 14:30:57.929,1900-01-01 14:31:00.412,top1,0.0,1.0,[],[]
2,you,you,3,1900-01-01 14:31:03.247,1900-01-01 14:31:05.157,top1,0.0,1.0,[],[]
2,talking,talking,7,1900-01-01 14:31:09.609,1900-01-01 14:31:12.385,top1,0.0,1.0,[],[]
2,to,to,2,1900-01-01 14:31:12.385,1900-01-01 14:31:13.002,top1,0.0,1.0,[],[]
2,me,me,2,1900-01-01 14:31:13.002,1900-01-01 14:31:14.236,top1,0.0,1.0,[],[]
2,the,the,3,1900-01-01 14:31:39.834,1900-01-01 14:31:41.010,top1,0.0,1.0,[],[]
2,second,second,6,1900-01-01 14:31:41.010,1900-01-01 14:31:44.362,top1,0.0,1.0,[],[]
2,largest,largest,7,1900-01-01 14:31:44.362,1900-01-01 14:31:46.696,top1,0.0,1.0,[],[]
2,country,country,7,1900-01-01 14:31:46.696,1900-01-01 14:31:50.748,top1,0.0,1.0,[],[]
2,frequently,frequently,10,1900-01-01 14:31:51.250,1900-01-01 14:31:55.793,top1,0.0,1.0,[],[]
2,asked,asked,5,1900-01-01 14:31:58.403,1900-01-01 14:32:00.079,top1,0.0,1.0,[],[]
2,questions,questions,9,1900-01-01 14:32:03.681,1900-01-01 14:32:07.675,top1,0.0,1.0,[],[]
2,with,with,4,1900-01-01 14:32:08.176,1900-01-01 14:32:10.268,top1,0.0,1.0,[],[]
2,each,each,4,1900-01-01 14:32:10.268,1900-01-01 14:32:11.844,top1,0.0,1.0,[],[]
2,step,hotel,4,1900-01-01 14:32:11.844,1900-01-01 14:32:13.011,incorrect,0.25,0.75,"[[0.21361472327533945, 0]]","[['p', '']]"
2,forward,forward,7,1900-01-01 14:32:14.512,1900-01-01 14:32:19.181,top1,0.0,1.0,[],[]
2,companies,companies,9,1900-01-01 14:32:19.683,1900-01-01 14:32:24.242,top1,0.0,1.0,[],[]
2,announce,announce,8,1900-01-01 14:32:24.242,1900-01-01 14:32:26.786,top1,0.0,1.0,[],[]
2,a,a,1,1900-01-01 14:32:26.786,1900-01-01 14:32:27.277,top1,0.0,1.0,[],[]
2,merger,merger,6,1900-01-01 14:32:27.277,1900-01-01 14:32:30.738,top1,0.0,1.0,[],[]
2,protect,protect,7,1900-01-01 14:32:31.239,1900-01-01 14:32:34.748,top1,0.0,1.0,[],[]
2,your,your,4,1900-01-01 14:32:34.748,1900-01-01 14:32:38.679,top3,1.0,0.0,"[[3.013365977710805, 3.0], [3.029183906702431, 3.0]]","[['y', 'o'], ['u', 'r']]"
2,environment,environment,11,1900-01-01 14:32:38.679,1900-01-01 14:32:46.226,top3,0.2222222222222222,0.7777777777777778,"[[5.422587206825262, 5.153882032022076], [2.896656073172996, 2.6575364531836625]]","[['m', 'e'], ['n', 't']]"
2,want,want,4,1900-01-01 14:32:48.232,1900-01-01 14:32:52.242,top1,1.0,0.0,"[[1.3371011846995724, 1.25], [2.779267130243151, 2.6575364531836625]]","[['w', 'a'], ['n', 't']]"
2,to,to,2,1900-01-01 14:32:52.242,1900-01-01 14:32:53.409,top1,0.0,1.0,[],[]
2,join,join,4,1900-01-01 14:32:53.409,1900-01-01 14:32:54.860,top1,0.0,1.0,[],[]
2,us,us,2,1900-01-01 14:32:54.860,1900-01-01 14:32:56.327,top1,0.0,1.0,[],[]
2,for,for,3,1900-01-01 14:32:56.327,1900-01-01 14:32:57.361,top1,0.0,1.0,[],[]
2,lunch,lunch,5,1900-01-01 14:32:57.361,1900-01-01 14:32:59.395,top1,0.0,1.0,[],[]
2,do,do,2,1900-01-01 14:32:59.897,1900-01-01 14:33:01.613,top1,0.0,1.0,[],[]
2,not,not,3,1900-01-01 14:33:01.613,1900-01-01 14:33:02.114,top1,0.0,1.0,[],[]
2,drink,drink,5,1900-01-01 14:33:02.114,1900-01-01 14:33:03.665,top1,0.0,1.0,[],[]
2,the,the,3,1900-01-01 14:33:06.626,1900-01-01 14:33:07.934,top1,0.0,1.0,[],[]
2,water,water,5,1900-01-01 14:33:07.934,1900-01-01 14:33:10.085,top1,0.0,1.0,[],[]
2,the,the,3,1900-01-01 14:33:19.182,1900-01-01 14:33:20.607,top1,0.0,1.0,[],[]
2,power,power,5,1900-01-01 14:33:21.984,1900-01-01 14:33:24.518,top1,0.0,1.0,[],[]
2,of,of,2,1900-01-01 14:33:24.518,1900-01-01 14:33:25.160,top1,0.0,1.0,[],[]
2,denial,denial,6,1900-01-01 14:33:25.160,1900-01-01 14:33:28.454,top1,0.2,0.8,"[[1.1322610813103136, 1.0307764064044151]]","[['d', 'e']]"
2,he,he,2,1900-01-01 14:33:28.955,1900-01-01 14:33:30.822,top1,0.0,1.0,[],[]
2,called,called,6,1900-01-01 14:33:30.822,1900-01-01 14:33:42.178,top1,0.5714285714285714,0.42857142857142855,"[[3.0617264788432683, 2.692582403567252], [6.568012675079122, 6.329494450586081], [0, 0], [0, 0]]","[['c', 'a'], ['l', 'e'], ['', ''], ['', '']]"
2,seven,seven,5,1900-01-01 14:33:42.178,1900-01-01 14:33:45.288,top1,0.0,1.0,[],[]
2,times,times,5,1900-01-01 14:33:45.288,1900-01-01 14:33:48.417,top3,0.25,0.75,"[[1.3700388509545998, 1.25]]","[['e', 's']]"
2,sent,sent,4,1900-01-01 14:33:49.975,1900-01-01 14:33:55.932,top3,1.0,0.0,"[[1.4530556865189306, 1.25], [2.7666175478822512, 2.6575364531836625]]","[['s', 'e'], ['n', 't']]"
2,this,this,4,1900-01-01 14:33:55.932,1900-01-01 14:33:58.245,top1,0.0,1.0,[],[]
2,by,by,2,1900-01-01 14:33:58.245,1900-01-01 14:33:59.488,top1,0.0,1.0,[],[]
2,registered,registered,10,1900-01-01 14:34:08.835,1900-01-01 14:34:12.578,top1,0.0,1.0,[],[]
2,mail,mail,4,1900-01-01 14:34:12.578,1900-01-01 14:34:15.171,top1,0.0,1.0,[],[]
2,stability,stability,9,1900-01-01 14:34:19.424,1900-01-01 14:34:23.284,top1,0.0,1.0,[],[]
2,of,of,2,1900-01-01 14:34:29.646,1900-01-01 14:34:31.005,top1,0.0,1.0,[],[]
2,the,the,3,1900-01-01 14:34:35.116,1900-01-01 14:34:36.459,top1,0.0,1.0,[],[]
2,nation,nation,6,1900-01-01 14:34:36.459,1900-01-01 14:34:39.027,top1,0.0,1.0,[],[]
2,communicate,cimmunicate,11,1900-01-01 14:34:39.528,1900-01-01 14:34:44.096,incorrect,0.0,1.0,[],[]
2,through,through,7,1900-01-01 14:34:56.845,1900-01-01 14:34:59.655,top1,0.0,1.0,[],[]
2,email,email,5,1900-01-01 14:34:59.655,1900-01-01 14:35:02.356,top1,0.0,1.0,[],[]
2,question,question,8,1900-01-01 14:35:02.857,1900-01-01 14:35:07.051,top1,0.0,1.0,[],[]
2,that,that,4,1900-01-01 14:35:07.051,1900-01-01 14:35:08.143,top1,0.0,1.0,[],[]
2,must,must,4,1900-01-01 14:35:11.395,1900-01-01 14:35:12.529,top1,0.0,1.0,[],[]
2,be,be,2,1900-01-01 14:35:12.529,1900-01-01 14:35:12.854,top1,0.0,1.0,[],[]
2,answered,answered,8,1900-01-01 14:35:12.854,1900-01-01 14:35:16.331,top1,0.0,1.0,[],[]
2,this,this,4,1900-01-01 14:35:21.884,1900-01-01 14:35:23.451,top1,0.0,1.0,[],[]
2,person,person,6,1900-01-01 14:35:23.451,1900-01-01 14:35:25.978,top1,0.0,1.0,[],[]
2,is,is,2,1900-01-01 14:35:25.978,1900-01-01 14:35:26.854,top1,0.0,1.0,[],[]
2,a,a,1,1900-01-01 14:35:26.854,1900-01-01 14:35:27.262,top1,0.0,1.0,[],[]
2,disaster,disasrer,8,1900-01-01 14:35:27.262,1900-01-01 14:35:32.148,incorrect,0.0,1.0,[],[]
2,is,is,2,1900-01-01 14:35:32.650,1900-01-01 14:35:34.350,top1,0.0,1.0,[],[]
2,she,she,3,1900-01-01 14:35:34.350,1900-01-01 14:35:35.292,top1,0.0,1.0,[],[]
2,done,done,4,1900-01-01 14:35:40.362,1900-01-01 14:35:42.095,top1,0.0,1.0,[],[]
2,yet,yet,3,1900-01-01 14:35:42.095,1900-01-01 14:35:43.832,top1,0.0,1.0,[],[]
2,please,please,6,1900-01-01 14:35:49.417,1900-01-01 14:35:53.535,top1,0.2,0.8,"[[1.0809299381782336, 1.25]]","[['p', 'l']]"
2,follow,follow,6,1900-01-01 14:35:55.728,1900-01-01 14:35:57.846,top1,0.0,1.0,[],[]
2,the,the,3,1900-01-01 14:35:57.846,1900-01-01 14:35:59.530,top1,0.0,1.0,[],[]
2,guidelines,guidelines,10,1900-01-01 14:36:02.808,1900-01-01 14:36:07.668,top1,0.1111111111111111,0.8888888888888888,"[[1.179224221946361, 1.0307764064044151]]","[['d', 'e']]"
2,completely,completely,10,1900-01-01 14:36:08.170,1900-01-01 14:36:13.296,top1,0.0,1.0,[],[]
2,sold,sold,4,1900-01-01 14:36:13.296,1900-01-01 14:36:14.689,top1,0.0,1.0,[],[]
2,out,out,3,1900-01-01 14:36:14.689,1900-01-01 14:36:16.006,top1,0.0,1.0,[],[]
2,of,of,2,1900-01-01 14:36:23.085,1900-01-01 14:36:24.187,top1,0.0,1.0,[],[]
2,that,that,4,1900-01-01 14:36:25.579,1900-01-01 14:36:27.323,top1,0.0,1.0,[],[]
2,just,judt,4,1900-01-01 14:36:27.824,1900-01-01 14:36:30.056,incorrect,0.0,1.0,[],[]
2,what,what,4,1900-01-01 14:36:30.056,1900-01-01 14:36:32.482,top1,0.0,1.0,[],[]
2,the,the,3,1900-01-01 14:36:32.482,1900-01-01 14:36:33.691,top1,0.0,1.0,[],[]
2,doctor,doctor,6,1900-01-01 14:36:35.209,1900-01-01 14:36:37.861,top1,0.0,1.0,[],[]
2,ordered,ordered,7,1900-01-01 14:36:37.861,1900-01-01 14:36:40.378,top1,0.0,1.0,[],[]
2,the,the,3,1900-01-01 14:36:40.880,1900-01-01 14:36:43.330,top1,0.5,0.5,"[[1.757532618829591, 1.6007810593582121]]","[['t', 'h']]"
2,capital,capital,7,1900-01-01 14:36:43.330,1900-01-01 14:36:50.051,top1,0.4,0.6,"[[1.8759478312642375, 2.0], [3.7893315394176055, 3.881043674065006]]","[['p', 'i'], ['t', 'a']]"
2,of,of,2,1900-01-01 14:36:51.384,1900-01-01 14:36:52.310,top1,0.0,1.0,[],[]
2,our,our,3,1900-01-01 14:36:52.310,1900-01-01 14:36:55.049,top3,0.5,0.5,"[[1.668882560277984, 2.0]]","[['o', 'u']]"
2,nation,nation,6,1900-01-01 14:36:55.049,1900-01-01 14:37:00.923,top1,1.0,0.0,"[[5.924271888278762, 5.5901699437494745], [2.863742931571373, 3.0], [3.16518715135851, 3.010398644698074]]","[['n', 'a'], ['t', 'i'], ['o', 'n']]"
2,a,a,1,1900-01-01 14:37:01.424,1900-01-01 14:37:03.208,top1,0.0,1.0,[],[]
2,quarter,quarter,7,1900-01-01 14:37:03.208,1900-01-01 14:37:12.121,top1,0.75,0.25,"[[6.092635314716038, 6.0], [3.0958789593990907, 2.9261749776799064], [2.129465253443925, 2.0]]","[['q', 'u'], ['a', 'r'], ['t', 'e']]"
2,of,of,2,1900-01-01 14:37:12.121,1900-01-01 14:37:13.005,top1,0.0,1.0,[],[]
2,a,a,1,1900-01-01 14:37:13.005,1900-01-01 14:37:14.198,top1,0.0,1.0,[],[]
2,century,century,7,1900-01-01 14:37:21.485,1900-01-01 14:37:25.879,top1,0.0,1.0,[],[]
2,the,the,3,1900-01-01 14:37:39.812,1900-01-01 14:37:40.662,top1,0.0,1.0,[],[]
2,library,library,7,1900-01-01 14:37:40.662,1900-01-01 14:37:42.989,top1,0.0,1.0,[],[]
2,is,is,2,1900-01-01 14:37:42.989,1900-01-01 14:37:44.006,top1,0.0,1.0,[],[]
2,closed,closed,6,1900-01-01 14:37:44.006,1900-01-01 14:37:45.632,top1,0.0,1.0,[],[]
2,today,today,5,1900-01-01 14:37:45.632,1900-01-01 14:37:47.983,top1,0.0,1.0,[],[]
2,tickets,tickets,7,1900-01-01 14:37:48.484,1900-01-01 14:37:53.569,top1,0.16666666666666666,0.8333333333333334,"[[2.8972439193352364, 3.0]]","[['t', 'i']]"
2,are,are,3,1900-01-01 14:37:53.569,1900-01-01 14:37:54.403,top1,0.0,1.0,[],[]
2,very,very,4,1900-01-01 14:37:54.403,1900-01-01 14:37:55.245,top1,0.0,1.0,[],[]
2,expensive,expensive,9,1900-01-01 14:37:55.245,1900-01-01 14:37:58.564,top1,0.0,1.0,[],[]
2,zero,zero,4,1900-01-01 14:38:00.341,1900-01-01 14:38:05.185,top1,0.3333333333333333,0.6666666666666666,"[[2.319197712841663, 2.3584952830141512]]","[['z', 'e']]"
2,in,in,2,1900-01-01 14:38:05.185,1900-01-01 14:38:06.010,top1,0.0,1.0,[],[]
2,on,on,2,1900-01-01 14:38:06.010,1900-01-01 14:38:06.844,top1,0.0,1.0,[],[]
2,the,the,3,1900-01-01 14:38:06.844,1900-01-01 14:38:07.486,top1,0.0,1.0,[],[]
2,facts,facts,5,1900-01-01 14:38:07.486,1900-01-01 14:38:09.395,top1,0.0,1.0,[],[]
2,life,life,4,1900-01-01 14:38:09.896,1900-01-01 14:38:12.180,top1,0.0,1.0,[],[]
2,if,if,2,1900-01-01 14:38:12.180,1900-01-01 14:38:13.981,top1,0.0,1.0,[],[]
2,but,but,3,1900-01-01 14:38:23.670,1900-01-01 14:38:25.156,top1,0.0,1.0,[],[]
2,a,a,1,1900-01-01 14:38:25.156,1900-01-01 14:38:25.690,top1,0.0,1.0,[],[]
2,dream,dream,5,1900-01-01 14:38:25.690,1900-01-01 14:38:27.230,top1,0.0,1.0,[],[]
2,the,the,3,1900-01-01 14:38:29.117,1900-01-01 14:38:31.241,top1,0.0,1.0,[],[]
2,living,livng,6,1900-01-01 14:38:36.494,1900-01-01 14:38:38.345,incorrect,0.0,1.0,[],[]
2,is,is,2,1900-01-01 14:38:38.345,1900-01-01 14:38:38.753,top1,0.0,1.0,[],[]
2,easy,easy,4,1900-01-01 14:38:38.753,1900-01-01 14:38:40.454,top1,0.0,1.0,[],[]
2,the,the,3,1900-01-01 14:38:40.956,1900-01-01 14:38:42.622,top1,0.0,1.0,[],[]
2,world,world,5,1900-01-01 14:38:42.622,1900-01-01 14:38:44.048,top1,0.0,1.0,[],[]
2,is,is,2,1900-01-01 14:38:44.523,1900-01-01 14:38:45.274,top1,0.0,1.0,[],[]
2,a,a,1,1900-01-01 14:38:45.274,1900-01-01 14:38:47.592,top1,0.0,1.0,[],[]
2,stage,stage,5,1900-01-01 14:38:54.170,1900-01-01 14:38:57.389,top1,0.0,1.0,[],[]
12,frequently,frequently,10,1900-01-01 17:22:35.631,1900-01-01 17:22:41.626,top1,0.1111111111111111,0.8888888888888888,"[[1.212229931263042, 1.0307764064044151]]","[['f', 'r']]"
12,asked,asked,5,1900-01-01 17:22:44.719,1900-01-01 17:22:47.646,top1,0.25,0.75,"[[5.510096156715416, 5.344389581607987]]","[['k', 'e']]"
12,questions,questions,9,1900-01-01 17:22:47.646,1900-01-01 17:22:52.082,top1,0.2857142857142857,0.7142857142857143,"[[3.232415756829556, 3.0], [4.863443521891151, 4.6097722286464435]]","[['t', 'i'], ['n', 's']]"
12,he,he,2,1900-01-01 17:22:53.225,1900-01-01 17:22:55.192,top1,1.0,0.0,"[[3.6110978528869864, 3.4003676271838605]]","[['h', 'e']]"
12,called,called,6,1900-01-01 17:22:55.192,1900-01-01 17:22:58.369,top1,0.2,0.8,"[[1.1010417297382513, 1.0307764064044151]]","[['e', 'd']]"
12,seven,seven,5,1900-01-01 17:22:58.369,1900-01-01 17:23:01.155,top1,0.6666666666666666,0.3333333333333333,"[[1.4153016076529412, 1.25], [3.125559502413128, 2.6575364531836625]]","[['s', 'e'], ['v', 'e']]"
12,times,times,5,1900-01-01 17:23:06.540,1900-01-01 17:23:12.418,top1,0.6666666666666666,0.3333333333333333,"[[3.120313711191553, 3.0], [5.295490665710308, 5.153882032022076]]","[['t', 'i'], ['m', 'e']]"
12,tickets,tickets,7,1900-01-01 17:23:12.919,1900-01-01 17:23:17.346,top1,0.75,0.25,"[[3.1281696175639193, 3.0], [4.806188609815994, 4.6097722286464435], [2.172387889080815, 2.0]]","[['t', 'i'], ['c', 'k'], ['e', 't']]"
12,are,are,3,1900-01-01 17:23:17.346,1900-01-01 17:23:20.806,top1,0.3333333333333333,0.6666666666666666,"[[3.177117448450718, 2.9261749776799064]]","[['a', 'r']]"
12,very,very,4,1900-01-01 17:23:25.142,1900-01-01 17:23:27.443,top1,1.0,0.0,"[[3.003193771324954, 2.6575364531836625], [2.175840555969118, 2.0]]","[['v', 'e'], ['r', 'y']]"
12,expensive,expensive,9,1900-01-01 17:23:27.443,1900-01-01 17:23:34.264,top1,0.5,0.5,"[[2.287336391007016, 2.0155644370746373], [5.9005088154539695, 5.836308764964376], [2.8102314462068776, 2.6575364531836625]]","[['e', 'x'], ['s', 'i'], ['v', 'e']]"
12,stability,stability,9,1900-01-01 17:24:43.328,1900-01-01 17:24:47.330,top1,0.2857142857142857,0.7142857142857143,"[[3.2804784140426833, 3.010398644698074], [1.5769377861063507, 1.6007810593582121]]","[['b', 'i'], ['l', 'i']]"
12,of,of,2,1900-01-01 17:24:47.330,1900-01-01 17:24:48.731,top1,0.0,1.0,[],[]
12,the,the,3,1900-01-01 17:24:48.731,1900-01-01 17:24:50.440,top1,0.5,0.5,"[[1.4835691391455268, 1.6007810593582121]]","[['t', 'h']]"
12,nation,nation,6,1900-01-01 17:24:50.440,1900-01-01 17:24:54.062,top3,0.5,0.5,"[[2.9504554971436185, 3.0], [3.0770210863146517, 3.010398644698074]]","[['t', 'i'], ['o', 'n']]"
12,sent,sent,4,1900-01-01 17:24:59.220,1900-01-01 17:25:01.573,top3,1.0,0.0,"[[1.456740866841114, 1.25], [2.661634897600533, 2.6575364531836625]]","[['s', 'e'], ['n', 't']]"
12,this,this,4,1900-01-01 17:25:07.917,1900-01-01 17:25:10.952,top1,1.0,0.0,"[[1.8610121574025247, 1.6007810593582121], [5.871289020787939, 5.836308764964376]]","[['t', 'h'], ['i', 's']]"
12,by,by,2,1900-01-01 17:25:13.578,1900-01-01 17:25:14.470,top1,0.0,1.0,[],[]
12,registered,registered,10,1900-01-01 17:25:14.470,1900-01-01 17:25:18.331,top1,0.25,0.75,"[[1.4618606989467224, 1.0], [2.8688169872353306, 2.9261749776799064]]","[['r', 'e'], ['g', 'i']]"
12,mail,mail,4,1900-01-01 17:25:18.331,1900-01-01 17:25:21.533,top1,0.3333333333333333,0.6666666666666666,"[[1.2043773352338538, 1.6007810593582121]]","[['i', 'l']]"
12,please,please,6,1900-01-01 17:25:22.034,1900-01-01 17:25:25.193,top1,1.0,0.0,"[[1.575106310896189, 1.25], [2.1828641914065567, 2.0155644370746373], [1.502650122491926, 1.25]]","[['p', 'l'], ['e', 'a'], ['s', 'e']]"
12,follow,follow,6,1900-01-01 17:25:27.720,1900-01-01 17:25:30.196,top1,0.2,0.8,"[[4.872498962608921, 4.8541219597369]]","[['f', 'o']]"
12,the,the,3,1900-01-01 17:25:30.196,1900-01-01 17:25:32.272,top1,0.5,0.5,"[[1.8876316717318027, 1.6007810593582121]]","[['t', 'h']]"
12,guidelines,guidelines,10,1900-01-01 17:25:32.272,1900-01-01 17:25:38.054,top3,0.6666666666666666,0.3333333333333333,"[[1.9259754022312958, 2.0155644370746373], [1.2525003118762086, 1.0307764064044151], [1.8432885778548076, 1.6007810593582121], [1.159623389833958, 1.25]]","[['g', 'u'], ['d', 'e'], ['l', 'i'], ['e', 's']]"
12,do,do,2,1900-01-01 17:25:39.219,1900-01-01 17:25:41.227,top1,0.0,1.0,[],[]
12,not,not,3,1900-01-01 17:25:41.227,1900-01-01 17:25:42.845,top1,0.5,0.5,"[[2.8859016165879607, 3.010398644698074]]","[['n', 'o']]"
12,drink,drink,5,1900-01-01 17:25:42.845,1900-01-01 17:25:45.898,top3,0.6666666666666666,0.3333333333333333,"[[1.6597366366761324, 1.25], [2.592747411651394, 2.3584952830141512]]","[['d', 'r'], ['i', 'n']]"
12,the,the,3,1900-01-01 17:25:46.997,1900-01-01 17:25:48.589,top1,0.5,0.5,"[[1.546134181191917, 1.6007810593582121]]","[['t', 'h']]"
12,water,water,5,1900-01-01 17:25:48.589,1900-01-01 17:25:51.733,top1,0.6666666666666666,0.3333333333333333,"[[1.5976551812343616, 1.25], [2.468639924761203, 2.0]]","[['w', 'a'], ['t', 'e']]"
12,question,question,8,1900-01-01 17:25:52.234,1900-01-01 17:25:58.011,top1,1.0,0.0,"[[5.86584356279001, 6.0], [1.4857873175946146, 1.25], [2.83750789921808, 3.0], [3.079844966167129, 3.010398644698074]]","[['q', 'u'], ['e', 's'], ['t', 'i'], ['o', 'n']]"
12,that,that,4,1900-01-01 17:25:58.011,1900-01-01 17:25:59.979,top1,0.3333333333333333,0.6666666666666666,"[[1.5151836367665141, 1.6007810593582121]]","[['t', 'h']]"
12,must,must,4,1900-01-01 17:26:07.717,1900-01-01 17:26:09.526,top1,0.0,1.0,[],[]
12,be,be,2,1900-01-01 17:26:11.177,1900-01-01 17:26:12.445,top1,0.0,1.0,[],[]
12,answered,answered,8,1900-01-01 17:26:26.878,1900-01-01 17:26:30.505,top1,0.0,1.0,[],[]
12,the,the,3,1900-01-01 17:26:31.006,1900-01-01 17:26:32.907,top1,0.5,0.5,"[[1.5826343643589944, 1.6007810593582121]]","[['t', 'h']]"
12,world,world,5,1900-01-01 17:26:32.907,1900-01-01 17:26:36.233,top1,0.25,0.75,"[[5.208982105759723, 5.344389581607987]]","[['r', 'l']]"
12,is,is,2,1900-01-01 17:26:36.233,1900-01-01 17:26:37.342,top1,0.0,1.0,[],[]
12,a,a,1,1900-01-01 17:26:37.342,1900-01-01 17:26:37.917,top1,0.0,1.0,[],[]
12,stage,stage,5,1900-01-01 17:26:41.745,1900-01-01 17:26:45.075,top3,0.6666666666666666,0.3333333333333333,"[[3.0527080651857297, 2.9261749776799064], [2.6539257301684236, 2.462214450449026]]","[['s', 't'], ['g', 'e']]"
12,companies,companies,9,1900-01-01 17:26:46.140,1900-01-01 17:26:51.417,top1,0.5,0.5,"[[5.801725369717615, 5.618051263561059], [2.7170109150498454, 2.3584952830141512], [1.522367902725882, 1.25]]","[['c', 'o'], ['n', 'i'], ['e', 's']]"
12,announce,announce,8,1900-01-01 17:26:59.530,1900-01-01 17:27:03.749,top1,0.3333333333333333,0.6666666666666666,"[[2.057167485281643, 2.0155644370746373], [2.4975187843387685, 2.1360009363293826]]","[['u', 'n'], ['c', 'e']]"
12,a,a,1,1900-01-01 17:27:03.749,1900-01-01 17:27:04.366,top1,0.0,1.0,[],[]
12,merger,merger,6,1900-01-01 17:27:04.366,1900-01-01 17:27:08.284,top1,1.0,0.0,"[[5.110336291832955, 5.153882032022076], [1.6139652886989235, 1.6007810593582121], [1.2647411358159426, 1.0]]","[['m', 'e'], ['r', 'g'], ['e', 'r']]"
12,are,are,3,1900-01-01 17:27:09.377,1900-01-01 17:27:11.495,top1,0.5,0.5,"[[2.988291051127718, 2.9261749776799064]]","[['a', 'r']]"
12,you,you,3,1900-01-01 17:27:11.495,1900-01-01 17:27:13.004,top1,0.5,0.5,"[[3.0900710170843966, 3.0]]","[['y', 'o']]"
12,talking,talking,7,1900-01-01 17:27:13.004,1900-01-01 17:27:17.251,top3,0.4,0.6,"[[1.2630952185999278, 1.0307764064044151], [2.100534414887078, 1.8027756377319946]]","[['k', 'i'], ['n', 'g']]"
12,to,to,2,1900-01-01 17:27:17.251,1900-01-01 17:27:18.840,top1,0.0,1.0,[],[]
12,me,me,2,1900-01-01 17:27:18.840,1900-01-01 17:27:20.150,top1,0.0,1.0,[],[]
12,completely,completely,10,1900-01-01 17:27:35.058,1900-01-01 17:27:39.060,top1,0.0,1.0,[],[]
12,sold,sold,4,1900-01-01 17:27:42.237,1900-01-01 17:27:44.872,top1,0.0,1.0,[],[]
12,out,out,3,1900-01-01 17:27:44.872,1900-01-01 17:27:46.648,top1,0.5,0.5,"[[2.065824124290351, 2.0]]","[['o', 'u']]"
12,of,of,2,1900-01-01 17:27:51.684,1900-01-01 17:27:52.876,top1,0.0,1.0,[],[]
12,that,that,4,1900-01-01 17:27:52.876,1900-01-01 17:27:54.686,top1,0.3333333333333333,0.6666666666666666,"[[1.9274831387070548, 1.6007810593582121]]","[['t', 'h']]"
12,just,just,4,1900-01-01 17:28:09.019,1900-01-01 17:28:10.745,top1,0.0,1.0,[],[]
12,what,what,4,1900-01-01 17:28:13.271,1900-01-01 17:28:14.597,top1,0.0,1.0,[],[]
12,the,the,3,1900-01-01 17:28:14.597,1900-01-01 17:28:16.456,top1,0.5,0.5,"[[1.6405152487099897, 1.6007810593582121]]","[['t', 'h']]"
12,doctor,doctor,6,1900-01-01 17:28:16.456,1900-01-01 17:28:19.792,top1,0.2,0.8,"[[2.2555103531407257, 2.3584952830141512]]","[['c', 't']]"
12,ordered,ordered,7,1900-01-01 17:28:25.445,1900-01-01 17:28:29.881,top1,0.4,0.6,"[[1.632385873690715, 1.0307764064044151], [1.352790842111226, 1.0]]","[['d', 'e'], ['r', 'e']]"
12,this,this,4,1900-01-01 17:28:31.059,1900-01-01 17:28:33.266,top1,0.0,1.0,[],[]
12,person,person,6,1900-01-01 17:28:33.266,1900-01-01 17:28:37.001,top1,0.5,0.5,"[[2.317356754607499, 2.0155644370746373], [3.262226667189912, 3.010398644698074]]","[['r', 's'], ['o', 'n']]"
12,is,is,2,1900-01-01 17:28:37.001,1900-01-01 17:28:38.452,top1,0.0,1.0,[],[]
12,a,a,1,1900-01-01 17:28:38.452,1900-01-01 17:28:38.677,top1,0.0,1.0,[],[]
12,disaster,disaster,8,1900-01-01 17:28:45.823,1900-01-01 17:28:52.176,top1,0.3333333333333333,0.6666666666666666,"[[1.6253016883412752, 1.0], [3.0108110877718643, 2.9261749776799064]]","[['s', 'a'], ['s', 't']]"
12,the,the,3,1900-01-01 17:28:52.678,1900-01-01 17:28:54.953,top1,0.5,0.5,"[[1.496907818011851, 1.6007810593582121]]","[['t', 'h']]"
12,stock,stock,5,1900-01-01 17:28:58.422,1900-01-01 17:29:01.853,top3,0.6666666666666666,0.3333333333333333,"[[3.2718436794107384, 2.9261749776799064], [5.594743506743628, 5.618051263561059]]","[['s', 't'], ['o', 'c']]"
12,exchange,exchange,8,1900-01-01 17:29:03.116,1900-01-01 17:29:06.968,top1,0.6,0.4,"[[2.349837949864841, 2.0155644370746373], [2.962890177364831, 2.692582403567252], [2.074604329745795, 1.8027756377319946]]","[['e', 'x'], ['c', 'h'], ['n', 'g']]"
12,dipped,dipped,6,1900-01-01 17:29:06.968,1900-01-01 17:29:10.320,top1,0.0,1.0,[],[]
12,protect,protect,7,1900-01-01 17:29:14.006,1900-01-01 17:29:18.027,top3,0.4,0.6,"[[2.1903712477854067, 2.0], [2.223432994549195, 2.3584952830141512]]","[['t', 'e'], ['c', 't']]"
12,your,your,4,1900-01-01 17:29:18.558,1900-01-01 17:29:21.622,top3,0.3333333333333333,0.6666666666666666,"[[3.252444715133526, 3.0]]","[['y', 'o']]"
12,environment,environment,11,1900-01-01 17:29:28.672,1900-01-01 17:29:32.974,top1,0.0,1.0,[],[]
12,zero,zero,4,1900-01-01 17:29:33.476,1900-01-01 17:29:36.201,top1,0.3333333333333333,0.6666666666666666,"[[2.315093022564104, 2.3584952830141512]]","[['z', 'e']]"
12,in,in,2,1900-01-01 17:29:41.538,1900-01-01 17:29:42.722,top1,0.0,1.0,[],[]
12,on,on,2,1900-01-01 17:29:45.181,1900-01-01 17:29:46.440,top1,0.0,1.0,[],[]
12,the,the,3,1900-01-01 17:29:47.974,1900-01-01 17:29:49.250,top1,0.5,0.5,"[[1.687113904905356, 1.6007810593582121]]","[['t', 'h']]"
12,facts,facts,5,1900-01-01 17:29:49.250,1900-01-01 17:29:51.710,top1,0.6666666666666666,0.3333333333333333,"[[3.334761479476456, 3.0], [2.4392802281103334, 2.3584952830141512]]","[['f', 'a'], ['c', 't']]"
12,communicate,communicate,11,1900-01-01 17:29:52.612,1900-01-01 17:29:58.139,top1,0.2222222222222222,0.7777777777777778,"[[2.220312045214591, 2.0155644370746373], [2.9364824248154457, 2.692582403567252]]","[['u', 'n'], ['c', 'a']]"
12,through,through,7,1900-01-01 17:29:58.139,1900-01-01 17:30:01.432,top1,0.16666666666666666,0.8333333333333334,"[[2.622223686587397, 2.0155644370746373]]","[['u', 'g']]"
12,email,email,5,1900-01-01 17:30:03.859,1900-01-01 17:30:06.235,top1,0.0,1.0,[],[]
12,life,life,4,1900-01-01 17:30:06.736,1900-01-01 17:30:09.170,top1,1.0,0.0,"[[1.9720351361284103, 1.6007810593582121], [2.110633620799688, 1.6007810593582121]]","[['l', 'i'], ['f', 'e']]"
12,if,if,2,1900-01-01 17:30:11.479,1900-01-01 17:30:12.805,top1,0.0,1.0,[],[]
12,but,but,3,1900-01-01 17:30:15.107,1900-01-01 17:30:16.549,top1,0.0,1.0,[],[]
12,a,a,1,1900-01-01 17:30:16.549,1900-01-01 17:30:17.191,top1,0.0,1.0,[],[]
12,dream,dream,5,1900-01-01 17:30:18.934,1900-01-01 17:30:20.660,top1,0.0,1.0,[],[]
12,sad,sad,3,1900-01-01 17:30:21.161,1900-01-01 17:30:23.003,top1,0.0,1.0,[],[]
12,to,to,2,1900-01-01 17:30:23.003,1900-01-01 17:30:24.170,top1,0.0,1.0,[],[]
12,hear,hear,4,1900-01-01 17:30:24.170,1900-01-01 17:30:25.721,top1,0.0,1.0,[],[]
12,that,that,4,1900-01-01 17:30:25.721,1900-01-01 17:30:27.005,top1,0.0,1.0,[],[]
12,news,news,4,1900-01-01 17:30:27.005,1900-01-01 17:30:29.823,top1,0.0,1.0,[],[]
12,the,the,3,1900-01-01 17:30:30.324,1900-01-01 17:30:31.616,top1,0.0,1.0,[],[]
12,second,second,6,1900-01-01 17:30:31.616,1900-01-01 17:30:33.834,top1,0.0,1.0,[],[]
12,largest,largest,7,1900-01-01 17:30:35.835,1900-01-01 17:30:38.937,top1,0.4,0.6,"[[8.236547460101228, 8.0], [2.722883868713464, 2.462214450449026]]","[['l', 'a'], ['g', 'e']]"
12,country,country,7,1900-01-01 17:30:38.937,1900-01-01 17:30:42.581,top1,0.4,0.6,"[[6.0063162912574795, 5.618051263561059], [1.3245183617545664, 1.0]]","[['c', 'o'], ['t', 'r']]"
12,the,the,3,1900-01-01 17:30:43.082,1900-01-01 17:30:46.283,top1,0.5,0.5,"[[1.5884344690606533, 1.6007810593582121]]","[['t', 'h']]"
12,library,library,7,1900-01-01 17:30:46.283,1900-01-01 17:30:48.676,top1,0.4,0.6,"[[1.7959712944880277, 1.6007810593582121], [2.8045043289768694, 2.6575364531836625]]","[['l', 'i'], ['b', 'r']]"
12,is,is,2,1900-01-01 17:30:48.676,1900-01-01 17:30:49.776,top1,0.0,1.0,[],[]
12,closed,closed,6,1900-01-01 17:31:01.216,1900-01-01 17:31:03.809,top1,0.2,0.8,"[[1.3308517596824971, 1.25]]","[['s', 'e']]"
12,today,today,5,1900-01-01 17:31:03.809,1900-01-01 17:31:07.494,top1,0.25,0.75,"[[2.3895, 2.0]]","[['d', 'a']]"
12,love,love,4,1900-01-01 17:31:07.995,1900-01-01 17:31:11.082,top3,1.0,0.0,"[[1.2651561786000967, 1.0307764064044151], [2.7190929381413205, 2.6575364531836625]]","[['l', 'o'], ['v', 'e']]"
12,means,means,5,1900-01-01 17:31:14.040,1900-01-01 17:31:17.029,top3,0.25,0.75,"[[4.8730172009367045, 4.6097722286464435]]","[['n', 's']]"
12,many,many,4,1900-01-01 17:31:17.675,1900-01-01 17:31:19.326,top1,0.3333333333333333,0.6666666666666666,"[[2.4446187362500926, 2.1360009363293826]]","[['n', 'y']]"
12,things,things,6,1900-01-01 17:31:19.326,1900-01-01 17:31:22.136,top1,0.5,0.5,"[[1.6271129772160873, 1.6007810593582121], [1.8522905583358138, 1.8027756377319946]]","[['t', 'h'], ['n', 'g']]"
12,is,is,2,1900-01-01 17:31:23.104,1900-01-01 17:31:24.346,top1,0.0,1.0,[],[]
12,she,she,3,1900-01-01 17:31:26.130,1900-01-01 17:31:27.514,top1,0.0,1.0,[],[]
12,done,done,4,1900-01-01 17:31:34.635,1900-01-01 17:31:37.061,top1,0.0,1.0,[],[]
12,yet,yet,3,1900-01-01 17:31:37.061,1900-01-01 17:31:38.970,top1,0.5,0.5,"[[3.1692759055697564, 3.0]]","[['y', 'e']]"
12,with,with,4,1900-01-01 17:31:39.472,1900-01-01 17:31:41.956,top1,0.3333333333333333,0.6666666666666666,"[[1.7715943472618103, 1.6007810593582121]]","[['t', 'h']]"
12,each,each,4,1900-01-01 17:31:46.483,1900-01-01 17:31:48.609,top1,0.3333333333333333,0.6666666666666666,"[[2.2444507749670075, 2.0155644370746373]]","[['e', 'a']]"
12,step,step,4,1900-01-01 17:31:48.609,1900-01-01 17:31:51.211,top1,0.3333333333333333,0.6666666666666666,"[[3.208611114056984, 2.9261749776799064]]","[['s', 't']]"
12,forward,forward,7,1900-01-01 17:31:51.211,1900-01-01 17:31:54.679,top1,0.4,0.6,"[[5.01743779233983, 4.8541219597369], [1.566797455201214, 1.25]]","[['f', 'o'], ['w', 'a']]"
12,a,a,1,1900-01-01 17:31:56.089,1900-01-01 17:31:56.989,top1,0.0,1.0,[],[]
12,quarter,quarter,7,1900-01-01 17:32:01.100,1900-01-01 17:32:06.661,top1,0.16666666666666666,0.8333333333333334,"[[6.0602216672536, 6.0]]","[['q', 'u']]"
12,of,of,2,1900-01-01 17:32:08.704,1900-01-01 17:32:09.963,top1,0.0,1.0,[],[]
12,a,a,1,1900-01-01 17:32:09.963,1900-01-01 17:32:10.522,top1,0.0,1.0,[],[]
12,century,century,7,1900-01-01 17:32:10.522,1900-01-01 17:32:14.257,top1,0.4,0.6,"[[2.517006173636648, 2.1360009363293826], [2.127017997690664, 2.0]]","[['c', 'e'], ['r', 'y']]"
12,the,the,3,1900-01-01 17:32:17.184,1900-01-01 17:32:18.935,top1,0.0,1.0,[],[]
12,living,living,6,1900-01-01 17:32:18.935,1900-01-01 17:32:20.969,top1,0.0,1.0,[],[]
12,is,is,2,1900-01-01 17:32:20.969,1900-01-01 17:32:21.736,top1,0.0,1.0,[],[]
12,easy,easy,4,1900-01-01 17:32:21.736,1900-01-01 17:32:23.454,top1,0.0,1.0,[],[]
12,the,the,3,1900-01-01 17:32:23.955,1900-01-01 17:32:25.338,top1,0.5,0.5,"[[1.6613207189612722, 1.6007810593582121]]","[['t', 'h']]"
12,capital,capital,7,1900-01-01 17:32:25.338,1900-01-01 17:32:29.141,top1,0.16666666666666666,0.8333333333333334,"[[4.235424240852385, 3.881043674065006]]","[['t', 'a']]"
12,of,of,2,1900-01-01 17:32:31.309,1900-01-01 17:32:32.534,top1,0.0,1.0,[],[]
12,our,our,3,1900-01-01 17:32:32.534,1900-01-01 17:32:34.135,top1,0.0,1.0,[],[]
12,nation,nation,6,1900-01-01 17:32:34.135,1900-01-01 17:32:36.053,top1,0.0,1.0,[],[]
12,the,the,3,1900-01-01 17:32:36.554,1900-01-01 17:32:38.421,top1,0.0,1.0,[],[]
12,power,power,5,1900-01-01 17:32:38.421,1900-01-01 17:32:40.072,top1,0.0,1.0,[],[]
12,of,of,2,1900-01-01 17:32:48.560,1900-01-01 17:32:49.977,top1,0.0,1.0,[],[]
12,denial,denial,6,1900-01-01 17:32:52.645,1900-01-01 17:32:55.597,top1,0.2,0.8,"[[2.495695018426731, 2.3584952830141512]]","[['n', 'i']]"
12,want,want,4,1900-01-01 17:33:02.159,1900-01-01 17:33:03.785,top1,0.0,1.0,[],[]
12,to,to,2,1900-01-01 17:33:03.785,1900-01-01 17:33:04.952,top1,0.0,1.0,[],[]
12,join,join,4,1900-01-01 17:33:13.700,1900-01-01 17:33:15.367,top1,0.0,1.0,[],[]
12,us,us,2,1900-01-01 17:33:15.367,1900-01-01 17:33:16.826,top1,0.0,1.0,[],[]
12,for,for,3,1900-01-01 17:33:19.644,1900-01-01 17:33:21.195,top1,0.0,1.0,[],[]
12,lunch,lunch,5,1900-01-01 17:33:21.195,1900-01-01 17:33:24.155,top1,0.6666666666666666,0.3333333333333333,"[[2.4310397241972415, 2.462214450449026], [2.765671722769172, 2.692582403567252]]","[['l', 'u'], ['c', 'h']]"
16,sent,sent,4,1900-01-01 13:21:56.165,1900-01-01 13:21:59.978,top1,1.0,0.0,"[[1.8307185491631421, 1.25], [2.8862612331959836, 2.6575364531836625]]","[['s', 'e'], ['n', 't']]"
16,this,this,4,1900-01-01 13:21:59.978,1900-01-01 13:22:01.997,top1,0.3333333333333333,0.6666666666666666,"[[1.8010413871216286, 1.6007810593582121]]","[['t', 'h']]"
16,by,by,2,1900-01-01 13:22:01.997,1900-01-01 13:22:03.602,top1,1.0,0.0,"[[2.207111184614404, 2.0155644370746373]]","[['b', 'y']]"
16,registered,registered,10,1900-01-01 13:22:03.602,1900-01-01 13:22:07.896,top1,1.0,0.0,"[[1.194996920759631, 1.0], [3.6358580765927875, 2.9261749776799064], [2.735616983652865, 2.9261749776799064], [1.2124302106203881, 1.0], [1.2432955828160894, 1.0307764064044151]]","[['r', 'e'], ['g', 'i'], ['s', 't'], ['e', 'r'], ['e', 'd']]"
16,mail,mail,4,1900-01-01 13:22:07.896,1900-01-01 13:22:10.343,top1,0.3333333333333333,0.6666666666666666,"[[1.6958639851857225, 1.6007810593582121]]","[['i', 'l']]"
16,is,is,2,1900-01-01 13:22:14.593,1900-01-01 13:22:15.636,top1,0.0,1.0,[],[]
16,she,she,3,1900-01-01 13:22:20.902,1900-01-01 13:22:22.020,top1,0.0,1.0,[],[]
16,done,done,4,1900-01-01 13:22:36.235,1900-01-01 13:22:37.953,top1,0.0,1.0,[],[]
16,yet,yet,3,1900-01-01 13:22:37.953,1900-01-01 13:22:40.913,top1,0.5,0.5,"[[3.031223273078049, 3.0]]","[['y', 'e']]"
16,the,the,3,1900-01-01 13:22:41.415,1900-01-01 13:22:43.749,top1,0.5,0.5,"[[2.4052826659511353, 1.6007810593582121]]","[['t', 'h']]"
16,living,living,6,1900-01-01 13:22:46.092,1900-01-01 13:22:50.003,top1,0.5,0.5,"[[2.080862370058385, 1.6007810593582121], [3.8608077198948925, 3.816084380618437]]","[['l', 'i'], ['v', 'i']]"
16,is,is,2,1900-01-01 13:22:50.003,1900-01-01 13:22:51.412,top1,0.0,1.0,[],[]
16,easy,easy,4,1900-01-01 13:22:59.284,1900-01-01 13:23:02.119,top1,0.0,1.0,[],[]
16,the,the,3,1900-01-01 13:23:02.621,1900-01-01 13:23:04.487,top1,0.5,0.5,"[[2.2111492769598344, 1.6007810593582121]]","[['t', 'h']]"
16,capital,capital,7,1900-01-01 13:23:04.487,1900-01-01 13:23:07.206,top1,0.75,0.25,"[[2.327727999708084, 2.692582403567252], [2.011690151495751, 2.0], [3.6648349425656264, 3.881043674065006]]","[['c', 'a'], ['p', 'i'], ['t', 'a']]"
16,of,of,2,1900-01-01 13:23:12.634,1900-01-01 13:23:14.543,top1,0.0,1.0,[],[]
16,our,our,3,1900-01-01 13:23:14.543,1900-01-01 13:23:17.148,top3,0.5,0.5,"[[1.8615774770674995, 2.0]]","[['o', 'u']]"
16,nation,nation,6,1900-01-01 13:23:19.138,1900-01-01 13:23:23.257,top1,0.5,0.5,"[[4.889342672141624, 5.5901699437494745], [1.0809188004309112, 1.0]]","[['n', 'a'], ['i', 'o']]"
16,do,do,2,1900-01-01 13:23:23.758,1900-01-01 13:23:25.808,top1,0.0,1.0,[],[]
16,not,not,3,1900-01-01 13:23:25.808,1900-01-01 13:23:27.392,top1,0.5,0.5,"[[3.0142765819512976, 3.010398644698074]]","[['n', 'o']]"
16,drink,drink,5,1900-01-01 13:23:30.578,1900-01-01 13:23:33.263,top1,0.6666666666666666,0.3333333333333333,"[[1.8379161306014482, 1.25], [2.4664507045803687, 2.3584952830141512]]","[['d', 'r'], ['i', 'n']]"
16,the,the,3,1900-01-01 13:23:33.263,1900-01-01 13:23:34.730,top1,0.5,0.5,"[[1.7763492143297719, 1.6007810593582121]]","[['t', 'h']]"
16,water,water,5,1900-01-01 13:23:34.730,1900-01-01 13:23:38.299,top1,0.6666666666666666,0.3333333333333333,"[[1.037256033062715, 1.25], [2.280089588426297, 2.0]]","[['w', 'a'], ['t', 'e']]"
16,tickets,tickets,7,1900-01-01 13:23:38.800,1900-01-01 13:23:42.968,top1,0.16666666666666666,0.8333333333333334,"[[1.8207091037903336, 2.0]]","[['e', 't']]"
16,are,are,3,1900-01-01 13:23:45.320,1900-01-01 13:23:47.979,top1,0.5,0.5,"[[2.656126423596023, 2.9261749776799064]]","[['a', 'r']]"
16,very,very,4,1900-01-01 13:23:47.979,1900-01-01 13:23:50.414,top1,1.0,0.0,"[[2.952488489604997, 2.6575364531836625], [2.60931411306209, 2.0]]","[['v', 'e'], ['r', 'y']]"
16,expensive,expensive,9,1900-01-01 13:23:50.414,1900-01-01 13:23:56.334,top1,0.5,0.5,"[[2.7416898216474084, 2.0155644370746373], [3.4347984838997467, 4.25], [1.320851867640728, 3.816084380618437]]","[['e', 'x'], ['e', 'n'], ['i', 'v']]"
16,the,the,3,1900-01-01 13:23:56.835,1900-01-01 13:23:58.494,top1,0.5,0.5,"[[2.4490807618624997, 1.6007810593582121]]","[['t', 'h']]"
16,world,world,5,1900-01-01 13:23:58.494,1900-01-01 13:24:00.970,top1,0.25,0.75,"[[2.658333080263833, 5.344389581607987]]","[['r', 'l']]"
16,is,is,2,1900-01-01 13:24:02.904,1900-01-01 13:24:04.288,top1,0.0,1.0,[],[]
16,a,a,1,1900-01-01 13:24:04.288,1900-01-01 13:24:04.989,top1,0.0,1.0,[],[]
16,stage,stage,5,1900-01-01 13:24:08.174,1900-01-01 13:24:12.276,top1,0.6666666666666666,0.3333333333333333,"[[3.088478572149239, 2.9261749776799064], [3.7636656852894093, 4.0]]","[['s', 't'], ['a', 'g']]"
16,zero,zero,4,1900-01-01 13:24:16.704,1900-01-01 13:24:19.347,top1,0.3333333333333333,0.6666666666666666,"[[2.3269121840972, 2.3584952830141512]]","[['z', 'e']]"
16,in,in,2,1900-01-01 13:24:19.347,1900-01-01 13:24:20.289,top1,0.0,1.0,[],[]
16,on,on,2,1900-01-01 13:24:20.289,1900-01-01 13:24:21.706,top1,0.0,1.0,[],[]
16,the,the,3,1900-01-01 13:24:21.706,1900-01-01 13:24:22.665,top1,0.0,1.0,[],[]
16,facts,facts,5,1900-01-01 13:24:22.665,1900-01-01 13:24:26.176,top1,0.6666666666666666,0.3333333333333333,"[[2.7740951509005596, 3.0], [2.5680715679523027, 2.3584952830141512]]","[['f', 'a'], ['c', 't']]"
16,want,want,4,1900-01-01 13:24:26.677,1900-01-01 13:24:29.544,top1,1.0,0.0,"[[1.464208900097592, 1.25], [2.541692352670755, 2.6575364531836625]]","[['w', 'a'], ['n', 't']]"
16,to,to,2,1900-01-01 13:24:35.481,1900-01-01 13:24:37.040,top1,0.0,1.0,[],[]
16,join,join,4,1900-01-01 13:24:37.040,1900-01-01 13:24:39.579,top3,1.0,0.0,"[[2.1788224026983007, 2.0155644370746373], [2.4981156054364257, 2.3584952830141512]]","[['j', 'o'], ['i', 'n']]"
16,us,us,2,1900-01-01 13:24:43.585,1900-01-01 13:24:44.628,top1,0.0,1.0,[],[]
16,for,for,3,1900-01-01 13:24:44.628,1900-01-01 13:24:46.362,top1,0.0,1.0,[],[]
16,lunch,lunch,5,1900-01-01 13:24:46.362,1900-01-01 13:24:50.556,top1,0.6666666666666666,0.3333333333333333,"[[2.404313422008453, 2.462214450449026], [2.479349363366324, 3.0]]","[['l', 'u'], ['n', 'c']]"
16,the,the,3,1900-01-01 13:24:51.057,1900-01-01 13:24:52.790,top1,0.5,0.5,"[[1.914145635949626, 1.6007810593582121]]","[['t', 'h']]"
16,library,library,7,1900-01-01 13:24:52.790,1900-01-01 13:24:57.421,top3,0.75,0.25,"[[1.8863518776331205, 1.6007810593582121], [2.866678854746376, 2.6575364531836625], [2.188879693473353, 2.0]]","[['l', 'i'], ['b', 'r'], ['r', 'y']]"
16,is,is,2,1900-01-01 13:24:57.421,1900-01-01 13:24:59.427,top1,0.0,1.0,[],[]
16,closed,closed,6,1900-01-01 13:24:59.427,1900-01-01 13:25:02.963,top1,0.5,0.5,"[[1.553979251993089, 1.0307764064044151], [1.2527710098517606, 1.25]]","[['l', 'o'], ['s', 'e']]"
16,today,today,5,1900-01-01 13:25:02.963,1900-01-01 13:25:06.923,top1,0.25,0.75,"[[2.0503853486905825, 2.0]]","[['d', 'a']]"
16,love,love,4,1900-01-01 13:25:10.400,1900-01-01 13:25:12.927,top1,1.0,0.0,"[[1.5508651819226578, 1.0307764064044151], [2.2338931543384075, 2.6575364531836625]]","[['l', 'o'], ['v', 'e']]"
16,means,means,5,1900-01-01 13:25:12.927,1900-01-01 13:25:15.453,top1,0.25,0.75,"[[2.177475620558127, 2.0155644370746373]]","[['e', 'a']]"
16,many,many,4,1900-01-01 13:25:15.453,1900-01-01 13:25:18.280,top1,0.3333333333333333,0.6666666666666666,"[[1.3929722549731562, 6.576473218982953]]","[['m', 'a']]"
16,things,things,6,1900-01-01 13:25:18.280,1900-01-01 13:25:22.882,top1,0.5,0.5,"[[0.7429452053314562, 1.6007810593582121], [2.5473869117440717, 2.3584952830141512]]","[['t', 'h'], ['i', 'n']]"
16,life,life,4,1900-01-01 13:25:23.384,1900-01-01 13:25:25.317,top1,1.0,0.0,"[[1.9010068261647555, 1.6007810593582121], [1.657608678563792, 1.6007810593582121]]","[['l', 'i'], ['f', 'e']]"
16,if,is,2,1900-01-01 13:25:25.317,1900-01-01 13:25:26.526,incorrect,0.0,1.0,[],[]
16,but,but,3,1900-01-01 13:25:26.526,1900-01-01 13:25:27.643,top1,0.5,0.5,"[[1.8271297504556157, 2.3584952830141512]]","[['b', 'u']]"
16,a,a,1,1900-01-01 13:25:27.643,1900-01-01 13:25:28.144,top1,0.0,1.0,[],[]
16,dream,dream,5,1900-01-01 13:25:28.144,1900-01-01 13:25:31.696,top1,0.6666666666666666,0.3333333333333333,"[[1.4520278546312395, 1.25], [2.017399025509083, 2.0155644370746373]]","[['d', 'r'], ['e', 'a']]"
16,stability,stability,9,1900-01-01 13:25:32.197,1900-01-01 13:25:37.657,top1,0.5,0.5,"[[2.6966465662235013, 2.9261749776799064], [1.571986765410257, 1.6007810593582121], [1.1526159716596855, 1.0]]","[['s', 't'], ['i', 'l'], ['t', 'y']]"
16,of,of,2,1900-01-01 13:25:37.657,1900-01-01 13:25:38.783,top1,0.0,1.0,[],[]
16,the,the,3,1900-01-01 13:25:38.783,1900-01-01 13:25:41.501,top1,0.5,0.5,"[[1.5836016011768868, 1.6007810593582121]]","[['t', 'h']]"
16,nation,nation,6,1900-01-01 13:25:41.501,1900-01-01 13:25:46.012,top1,0.5,0.5,"[[3.7311087703590204, 3.881043674065006], [1.5904238625284772, 1.0]]","[['a', 't'], ['i', 'o']]"
16,the,the,3,1900-01-01 13:25:49.748,1900-01-01 13:25:51.165,top1,0.5,0.5,"[[2.8235395035531203, 1.6007810593582121]]","[['t', 'h']]"
16,stock,stock,5,1900-01-01 13:25:51.165,1900-01-01 13:25:54.066,top1,0.25,0.75,"[[2.874382088488759, 2.9261749776799064]]","[['s', 't']]"
16,exchange,exchange,8,1900-01-01 13:25:54.066,1900-01-01 13:25:57.935,top1,0.3333333333333333,0.6666666666666666,"[[2.0430508169463137, 2.0155644370746373], [2.3645862481626674, 2.462214450449026]]","[['e', 'x'], ['g', 'e']]"
16,dipped,dipped,6,1900-01-01 13:26:09.950,1900-01-01 13:26:14.103,top1,0.0,1.0,[],[]
16,with,with,4,1900-01-01 13:26:14.604,1900-01-01 13:26:17.571,top1,0.3333333333333333,0.6666666666666666,"[[1.7440499965955678, 1.6007810593582121]]","[['t', 'h']]"
16,each,each,4,1900-01-01 13:26:17.571,1900-01-01 13:26:21.048,top1,1.0,0.0,"[[2.2352817530738713, 2.0155644370746373], [2.178227450962135, 2.692582403567252]]","[['e', 'a'], ['c', 'h']]"
16,step,step,4,1900-01-01 13:26:21.048,1900-01-01 13:26:22.641,top1,0.3333333333333333,0.6666666666666666,"[[3.1256938679675588, 2.9261749776799064]]","[['s', 't']]"
16,forward,forward,7,1900-01-01 13:26:22.641,1900-01-01 13:26:26.597,top3,0.75,0.25,"[[2.0303729106373534, 4.8541219597369], [1.2190588903432844, 1.25], [1.4278511663072588, 1.25]]","[['f', 'o'], ['w', 'a'], ['r', 'd']]"
16,frequently,frequently,10,1900-01-01 13:26:28.661,1900-01-01 13:26:36.557,top1,1.0,0.0,"[[1.204116701673887, 1.0307764064044151], [1.8998787995882793, 2.0], [1.3576404681008145, 4.0], [2.287387992476353, 2.6575364531836625], [2.6037243307664117, 3.4003676271838605]]","[['f', 'r'], ['e', 'q'], ['u', 'e'], ['n', 't'], ['l', 'y']]"
16,asked,asked,5,1900-01-01 13:26:50.557,1900-01-01 13:26:54.158,top1,0.0,1.0,[],[]
16,questions,questions,9,1900-01-01 13:27:02.772,1900-01-01 13:27:07.141,top1,0.125,0.875,"[[1.2231379342698845, 1.0]]","[['i', 'o']]"
16,companies,companies,9,1900-01-01 13:27:07.642,1900-01-01 13:27:12.594,top1,0.5,0.5,"[[2.612378528874596, 2.3584952830141512], [2.2070304037609, 2.3584952830141512], [1.3668521831657583, 1.25]]","[['o', 'm'], ['n', 'i'], ['e', 's']]"
16,announce,announce,8,1900-01-01 13:27:12.594,1900-01-01 13:27:15.929,top1,0.3333333333333333,0.6666666666666666,"[[1.9206372070877933, 2.0], [2.329774378829418, 2.1360009363293826]]","[['o', 'u'], ['c', 'e']]"
16,a,a,1,1900-01-01 13:27:15.929,1900-01-01 13:27:16.413,top1,0.0,1.0,[],[]
16,merger,merger,6,1900-01-01 13:27:16.413,1900-01-01 13:27:21.999,top1,0.5,0.5,"[[0.90009030796915, 1.0], [1.2868927512131694, 1.0]]","[['e', 'r'], ['e', 'r']]"
16,protect,protect,7,1900-01-01 13:27:22.500,1900-01-01 13:27:28.044,top1,0.4,0.6,"[[1.4915753469486543, 5.0], [2.032771372566281, 2.1360009363293826]]","[['r', 'o'], ['e', 'c']]"
16,your,your,4,1900-01-01 13:27:30.820,1900-01-01 13:27:34.342,top3,0.3333333333333333,0.6666666666666666,"[[1.9518946124535, 3.0]]","[['y', 'o']]"
16,environment,environment,11,1900-01-01 13:27:35.598,1900-01-01 13:27:41.510,top1,0.375,0.625,"[[3.9289149842068354, 4.25], [3.057466018310751, 3.010398644698074], [2.2912980082259047, 5.153882032022076]]","[['e', 'n'], ['o', 'n'], ['m', 'e']]"
16,question,question,8,1900-01-01 13:27:42.011,1900-01-01 13:27:46.788,top1,0.3333333333333333,0.6666666666666666,"[[4.779, 6.0], [1.1915321609696472, 1.0]]","[['q', 'u'], ['i', 'o']]"
16,that,that,4,1900-01-01 13:27:46.788,1900-01-01 13:27:49.189,top1,0.3333333333333333,0.6666666666666666,"[[2.1661923138597365, 1.6007810593582121]]","[['t', 'h']]"
16,must,must,4,1900-01-01 13:27:49.189,1900-01-01 13:27:51.140,top1,1.0,0.0,"[[2.392046355241679, 2.1360009363293826], [2.691075194624818, 2.9261749776799064]]","[['m', 'u'], ['s', 't']]"
16,be,be,2,1900-01-01 13:27:57.827,1900-01-01 13:27:58.895,top1,0.0,1.0,[],[]
16,answered,answered,8,1900-01-01 13:27:58.895,1900-01-01 13:28:02.747,top1,0.6,0.4,"[[1.2211690735725338, 1.0307764064044151], [0.8534381659645884, 1.0], [1.189652588468583, 1.0307764064044151]]","[['s', 'w'], ['e', 'r'], ['e', 'd']]"
16,he,he,2,1900-01-01 13:28:03.248,1900-01-01 13:28:05.615,top1,1.0,0.0,"[[3.6842290789593966, 3.4003676271838605]]","[['h', 'e']]"
16,called,called,6,1900-01-01 13:28:05.615,1900-01-01 13:28:07.941,top1,0.5,0.5,"[[2.223177181704148, 2.692582403567252], [1.8870446346403682, 1.0307764064044151]]","[['c', 'a'], ['e', 'd']]"
16,seven,seven,5,1900-01-01 13:28:07.941,1900-01-01 13:28:10.176,top1,0.6666666666666666,0.3333333333333333,"[[1.4874324196833277, 1.25], [2.6515879705612257, 2.6575364531836625]]","[['s', 'e'], ['v', 'e']]"
16,times,times,5,1900-01-01 13:28:10.176,1900-01-01 13:28:13.156,top3,0.6666666666666666,0.3333333333333333,"[[2.100916559653191, 2.0155644370746373], [1.8361424619633955, 1.25]]","[['i', 'm'], ['e', 's']]"
16,sad,sad,3,1900-01-01 13:28:14.863,1900-01-01 13:28:18.067,top3,0.5,0.5,"[[0.867022464025587, 1.0]]","[['s', 'a']]"
16,to,to,2,1900-01-01 13:28:21.949,1900-01-01 13:28:23.358,top1,0.0,1.0,[],[]
16,hear,hear,4,1900-01-01 13:28:23.358,1900-01-01 13:28:25.401,top1,1.0,0.0,"[[3.389024548542692, 3.4003676271838605], [2.329714739109705, 2.9261749776799064]]","[['h', 'e'], ['a', 'r']]"
16,that,that,4,1900-01-01 13:28:25.401,1900-01-01 13:28:27.827,top1,0.3333333333333333,0.6666666666666666,"[[1.9842915061174853, 1.6007810593582121]]","[['t', 'h']]"
16,news,news,4,1900-01-01 13:28:35.465,1900-01-01 13:28:38.758,top1,0.0,1.0,[],[]
16,the,the,3,1900-01-01 13:28:39.260,1900-01-01 13:28:41.002,top1,0.5,0.5,"[[2.6620227888064747, 1.6007810593582121]]","[['t', 'h']]"
16,power,power,5,1900-01-01 13:28:47.789,1900-01-01 13:28:51.057,top1,0.0,1.0,[],[]
16,of,of,2,1900-01-01 13:28:51.057,1900-01-01 13:28:51.866,top1,0.0,1.0,[],[]
16,denial,denial,6,1900-01-01 13:28:58.887,1900-01-01 13:29:03.748,top1,0.0,1.0,[],[]
16,the,the,3,1900-01-01 13:29:04.249,1900-01-01 13:29:06.282,top1,0.5,0.5,"[[1.681347199792476, 1.6007810593582121]]","[['t', 'h']]"
16,second,second,6,1900-01-01 13:29:06.282,1900-01-01 13:29:08.658,top1,0.5,0.5,"[[1.4425041161119783, 1.25], [2.9782656472559657, 3.010398644698074]]","[['s', 'e'], ['o', 'n']]"
16,largest,largest,7,1900-01-01 13:29:08.658,1900-01-01 13:29:12.502,top1,0.75,0.25,"[[1.8125104999695871, 8.0], [1.809990612026759, 1.6007810593582121], [0.9532258143404425, 1.25]]","[['l', 'a'], ['r', 'g'], ['e', 's']]"
16,country,country,7,1900-01-01 13:29:12.502,1900-01-01 13:29:17.238,top1,0.4,0.6,"[[1.7069941417591337, 2.0], [1.8319052795177488, 2.0]]","[['o', 'u'], ['r', 'y']]"
16,communicate,communicate,11,1900-01-01 13:29:28.745,1900-01-01 13:29:34.732,top1,0.8333333333333334,0.16666666666666666,"[[2.5213461217423125, 2.3584952830141512], [2.506715122052165, 2.1360009363293826], [2.6347192242485726, 2.3584952830141512], [2.5795957925855357, 2.692582403567252], [2.78256067150835, 2.0]]","[['o', 'm'], ['m', 'u'], ['n', 'i'], ['c', 'a'], ['t', 'e']]"
16,through,through,7,1900-01-01 13:29:34.732,1900-01-01 13:29:38.133,top1,0.4,0.6,"[[2.256238130162683, 1.6007810593582121], [2.246784247124098, 2.0]]","[['t', 'h'], ['o', 'u']]"
16,email,email,5,1900-01-01 13:29:38.133,1900-01-01 13:29:41.735,top1,0.25,0.75,"[[1.9399291425526346, 1.6007810593582121]]","[['i', 'l']]"
16,please,please,6,1900-01-01 13:29:46.255,1900-01-01 13:29:49.223,top1,1.0,0.0,"[[1.6292055195708115, 1.25], [1.7730773257602164, 2.0155644370746373], [1.4937296703637508, 1.25]]","[['p', 'l'], ['e', 'a'], ['s', 'e']]"
16,follow,follow,6,1900-01-01 13:30:09.951,1900-01-01 13:30:16.088,top1,0.5,0.5,"[[1.356793537398008, 1.0307764064044151], [1.475532832784483, 1.0307764064044151]]","[['o', 'l'], ['l', 'o']]"
16,the,the,3,1900-01-01 13:30:16.088,1900-01-01 13:30:18.581,top1,0.5,0.5,"[[2.062142211390863, 1.6007810593582121]]","[['t', 'h']]"
16,guidelines,guidelines,10,1900-01-01 13:30:18.581,1900-01-01 13:30:24.609,top1,0.42857142857142855,0.5714285714285714,"[[2.1235328538193143, 2.0155644370746373], [1.393460580936899, 1.0307764064044151], [1.8263496079954133, 1.6007810593582121]]","[['g', 'u'], ['d', 'e'], ['l', 'i']]"
16,just,just,4,1900-01-01 13:30:26.194,1900-01-01 13:30:29.965,top3,1.0,0.0,"[[1.38604615836739, 1.0307764064044151], [2.6838936413585768, 2.9261749776799064]]","[['j', 'u'], ['s', 't']]"
16,what,what,4,1900-01-01 13:30:41.769,1900-01-01 13:30:45.263,top1,0.0,1.0,[],[]
16,the,the,3,1900-01-01 13:30:45.263,1900-01-01 13:30:46.989,top1,0.5,0.5,"[[1.9141530641840014, 1.6007810593582121]]","[['t', 'h']]"
16,doctor,doctor,6,1900-01-01 13:30:46.989,1900-01-01 13:30:50.365,top1,0.2,0.8,"[[2.6049002650053614, 2.3584952830141512]]","[['c', 't']]"
16,ordered,ordered,7,1900-01-01 13:30:50.365,1900-01-01 13:30:55.251,top1,0.4,0.6,"[[1.2170151113482528, 1.0307764064044151], [0.8950173182681999, 1.0]]","[['d', 'e'], ['r', 'e']]"
16,a,a,1,1900-01-01 13:31:05.549,1900-01-01 13:31:06.800,top1,0.0,1.0,[],[]
16,quarter,quarter,7,1900-01-01 13:31:06.800,1900-01-01 13:31:13.378,top1,0.4,0.6,"[[4.895288367719005, 6.0], [1.7331470878505955, 2.0]]","[['q', 'u'], ['t', 'e']]"
16,of,of,2,1900-01-01 13:31:15.663,1900-01-01 13:31:18.023,top1,0.0,1.0,[],[]
16,a,a,1,1900-01-01 13:31:18.023,1900-01-01 13:31:18.683,top1,0.0,1.0,[],[]
16,century,century,7,1900-01-01 13:31:18.683,1900-01-01 13:31:23.234,top1,0.4,0.6,"[[3.377578193487902, 2.1360009363293826], [2.2887972312166496, 2.0]]","[['c', 'e'], ['r', 'y']]"
16,this,this,4,1900-01-01 13:31:23.735,1900-01-01 13:31:26.327,top1,0.3333333333333333,0.6666666666666666,"[[2.084813934293657, 1.6007810593582121]]","[['t', 'h']]"
16,person,person,6,1900-01-01 13:31:26.327,1900-01-01 13:31:30.254,top1,0.5,0.5,"[[0.7860612352895919, 1.0], [2.825342484770651, 3.010398644698074]]","[['e', 'r'], ['o', 'n']]"
16,is,is,2,1900-01-01 13:31:30.254,1900-01-01 13:31:32.114,top1,0.0,1.0,[],[]
16,a,a,1,1900-01-01 13:31:32.114,1900-01-01 13:31:32.615,top1,0.0,1.0,[],[]
16,disaster,disaster,8,1900-01-01 13:31:32.615,1900-01-01 13:31:37.675,top1,0.6,0.4,"[[1.0861314952619687, 1.0], [2.6932946395864303, 2.9261749776799064], [1.4929093293381883, 1.0]]","[['s', 'a'], ['s', 't'], ['e', 'r']]"
16,are,are,3,1900-01-01 13:31:38.177,1900-01-01 13:31:40.752,top1,0.5,0.5,"[[2.5339593062290877, 2.9261749776799064]]","[['a', 'r']]"
16,you,you,3,1900-01-01 13:31:47.114,1900-01-01 13:31:50.566,top1,0.5,0.5,"[[3.600454229156371, 3.0]]","[['y', 'o']]"
16,talking,talking,7,1900-01-01 13:31:50.566,1900-01-01 13:31:53.876,top1,0.75,0.25,"[[3.867834764519421, 3.881043674065006], [0.8404322176713602, 1.0], [2.2812722396176217, 2.3584952830141512]]","[['t', 'a'], ['l', 'k'], ['i', 'n']]"
16,to,to,2,1900-01-01 13:31:53.876,1900-01-01 13:31:55.035,top1,0.0,1.0,[],[]
16,me,me,2,1900-01-01 13:31:55.035,1900-01-01 13:31:56.127,top1,0.0,1.0,[],[]
16,completely,completely,10,1900-01-01 13:31:56.629,1900-01-01 13:32:03.965,top1,0.42857142857142855,0.5714285714285714,"[[2.667584323878066, 2.3584952830141512], [1.4662780954256254, 1.25], [1.858049489720336, 2.0]]","[['o', 'm'], ['p', 'l'], ['e', 't']]"
16,sold,sold,4,1900-01-01 13:32:03.965,1900-01-01 13:32:06.408,top1,0.3333333333333333,0.6666666666666666,"[[1.556075241191762, 1.0307764064044151]]","[['o', 'l']]"
16,out,out,3,1900-01-01 13:32:06.408,1900-01-01 13:32:07.776,top1,0.5,0.5,"[[2.3808960924670775, 2.0]]","[['o', 'u']]"
16,of,of,2,1900-01-01 13:32:07.776,1900-01-01 13:32:08.801,top1,0.0,1.0,[],[]
16,that,that,4,1900-01-01 13:32:08.801,1900-01-01 13:32:11.202,top1,0.3333333333333333,0.6666666666666666,"[[1.9669620373179555, 1.6007810593582121]]","[['t', 'h']]"
19,just,just,4,1900-01-01 11:57:47.474,1900-01-01 11:57:51.579,top3,0.3333333333333333,0.6666666666666666,"[[3.429655458278572, 2.9261749776799064]]","[['s', 't']]"
19,what,what,4,1900-01-01 11:57:53.527,1900-01-01 11:57:58.541,top3,0.3333333333333333,0.6666666666666666,"[[4.91115183154624, 5.0]]","[['h', 'a']]"
19,the,the,3,1900-01-01 11:57:59.264,1900-01-01 11:58:02.107,top1,0.5,0.5,"[[1.6311545853321197, 1.6007810593582121]]","[['t', 'h']]"
19,doctor,doctor,6,1900-01-01 11:58:02.107,1900-01-01 11:58:06.651,top1,0.5,0.5,"[[6.072523713416029, 5.618051263561059], [4.920245498511735, 5.0]]","[['o', 'c'], ['o', 'r']]"
19,ordered,ordered,7,1900-01-01 11:58:06.651,1900-01-01 11:58:12.271,top1,0.75,0.25,"[[1.4921794724914963, 1.25], [1.1339965897766184, 1.0], [1.2070072105211298, 1.0307764064044151]]","[['r', 'd'], ['e', 'r'], ['e', 'd']]"
19,the,the,3,1900-01-01 11:58:12.772,1900-01-01 11:58:16.181,top1,0.5,0.5,"[[1.392990364736957, 1.6007810593582121]]","[['t', 'h']]"
19,power,power,5,1900-01-01 11:58:38.186,1900-01-01 11:58:42.405,top1,0.0,1.0,[],[]
19,of,of,2,1900-01-01 11:58:47.508,1900-01-01 11:58:49.509,top1,0.0,1.0,[],[]
19,denial,denial,6,1900-01-01 11:58:55.121,1900-01-01 11:58:59.859,top3,1.0,0.0,"[[1.5612792080934788, 1.0307764064044151], [2.537539313119109, 2.3584952830141512], [2.468312037101468, 8.0]]","[['d', 'e'], ['n', 'i'], ['a', 'l']]"
19,the,the,3,1900-01-01 11:59:01.558,1900-01-01 11:59:07.728,top1,0.5,0.5,"[[1.1659106419447418, 1.6007810593582121]]","[['t', 'h']]"
19,second,second,6,1900-01-01 11:59:07.728,1900-01-01 11:59:12.606,top1,1.0,0.0,"[[1.5422611899820988, 1.25], [5.096048850886833, 5.618051263561059], [3.498900302684402, 3.6400549446402595]]","[['s', 'e'], ['c', 'o'], ['n', 'd']]"
19,largest,largest,7,1900-01-01 11:59:12.606,1900-01-01 11:59:16.958,top1,0.75,0.25,"[[3.496701108276915, 2.9261749776799064], [2.885588902200035, 2.462214450449026], [2.515397399641854, 2.9261749776799064]]","[['a', 'r'], ['g', 'e'], ['s', 't']]"
19,country,country,7,1900-01-01 11:59:22.170,1900-01-01 11:59:27.606,top1,0.4,0.6,"[[1.9629861061976475, 2.0], [2.4420627039451714, 2.0]]","[['o', 'u'], ['r', 'y']]"
19,the,the,3,1900-01-01 11:59:28.107,1900-01-01 11:59:30.966,top1,0.5,0.5,"[[1.5844978404055965, 1.6007810593582121]]","[['t', 'h']]"
19,stock,stock,5,1900-01-01 11:59:30.966,1900-01-01 11:59:34.827,top1,0.6666666666666666,0.3333333333333333,"[[3.835246913905935, 2.9261749776799064], [3.6623023517488287, 4.6097722286464435]]","[['s', 't'], ['c', 'k']]"
19,exchange,exchange,8,1900-01-01 11:59:48.301,1900-01-01 11:59:55.363,top1,0.3333333333333333,0.6666666666666666,"[[2.7052820584229282, 2.692582403567252], [2.8208595542848283, 2.462214450449026]]","[['c', 'h'], ['g', 'e']]"
19,dipped,dipped,6,1900-01-01 12:00:13.524,1900-01-01 12:00:16.726,top1,0.0,1.0,[],[]
19,communicate,communicate,11,1900-01-01 12:00:42.124,1900-01-01 12:00:49.336,top1,0.375,0.625,"[[2.667838105329857, 2.0155644370746373], [3.084609256555034, 2.692582403567252], [1.8913537851562832, 2.0]]","[['u', 'n'], ['c', 'a'], ['t', 'e']]"
19,through,through,7,1900-01-01 12:00:49.336,1900-01-01 12:00:54.239,top1,0.75,0.25,"[[1.8258440599487131, 1.6007810593582121], [2.4867354226977985, 2.0], [0.9806014098500982, 1.0]]","[['t', 'h'], ['o', 'u'], ['g', 'h']]"
19,email,email,5,1900-01-01 12:00:54.239,1900-01-01 12:00:58.166,top1,0.6666666666666666,0.3333333333333333,"[[6.601742975343709, 6.576473218982953], [1.4777489902297343, 1.6007810593582121]]","[['m', 'a'], ['i', 'l']]"
19,protect,protect,7,1900-01-01 12:00:58.668,1900-01-01 12:01:04.636,top1,0.4,0.6,"[[2.004078131273828, 2.0], [2.6973850328837004, 2.3584952830141512]]","[['t', 'e'], ['c', 't']]"
19,your,your,4,1900-01-01 12:01:14.050,1900-01-01 12:01:16.576,top1,0.3333333333333333,0.6666666666666666,"[[2.0770612728684728, 2.0]]","[['o', 'u']]"
19,environment,environment,11,1900-01-01 12:01:52.264,1900-01-01 12:01:57.233,top1,0.0,1.0,[],[]
19,do,do,2,1900-01-01 12:01:57.734,1900-01-01 12:02:01.577,top1,0.0,1.0,[],[]
19,not,not,3,1900-01-01 12:02:01.577,1900-01-01 12:02:03.495,top1,0.5,0.5,"[[2.9648615323906777, 3.010398644698074]]","[['n', 'o']]"
19,drink,drink,5,1900-01-01 12:02:03.495,1900-01-01 12:02:06.230,top1,0.6666666666666666,0.3333333333333333,"[[1.6861502472348069, 1.25], [2.094854205099964, 1.8027756377319946]]","[['d', 'r'], ['n', 'k']]"
19,the,the,3,1900-01-01 12:02:16.352,1900-01-01 12:02:19.212,top1,0.5,0.5,"[[2.1427595817076632, 1.6007810593582121]]","[['t', 'h']]"
19,water,water,5,1900-01-01 12:02:19.212,1900-01-01 12:02:22.781,top1,0.6666666666666666,0.3333333333333333,"[[1.7720394015441645, 1.25], [1.155507525126946, 1.0]]","[['w', 'a'], ['e', 'r']]"
19,tickets,tickets,7,1900-01-01 12:02:23.282,1900-01-01 12:02:27.817,top1,0.4,0.6,"[[4.515628088234239, 4.6097722286464435], [2.2934002321880063, 2.0]]","[['c', 'k'], ['e', 't']]"
19,are,are,3,1900-01-01 12:02:27.817,1900-01-01 12:02:30.102,top1,0.5,0.5,"[[1.5007542374586185, 1.0]]","[['r', 'e']]"
19,very,very,4,1900-01-01 12:02:30.102,1900-01-01 12:02:32.670,top1,0.3333333333333333,0.6666666666666666,"[[1.5779279134358455, 1.0]]","[['e', 'r']]"
19,expensive,expensive,9,1900-01-01 12:02:32.670,1900-01-01 12:02:37.923,top1,0.5,0.5,"[[2.7906411365714865, 2.0155644370746373], [6.155067185864017, 5.836308764964376], [3.3686692963431417, 2.6575364531836625]]","[['e', 'x'], ['s', 'i'], ['v', 'e']]"
19,sad,sad,3,1900-01-01 12:02:38.424,1900-01-01 12:02:42.053,top3,0.5,0.5,"[[1.7282936174519077, 1.0]]","[['s', 'a']]"
19,to,to,2,1900-01-01 12:02:47.970,1900-01-01 12:02:49.646,top1,0.0,1.0,[],[]
19,hear,hear,4,1900-01-01 12:02:53.182,1900-01-01 12:02:57.229,top3,0.3333333333333333,0.6666666666666666,"[[2.5976652979165733, 2.0155644370746373]]","[['e', 'a']]"
19,that,that,4,1900-01-01 12:02:57.229,1900-01-01 12:02:59.727,top1,1.0,0.0,"[[1.8922644007907568, 1.6007810593582121], [4.257305355577047, 3.881043674065006]]","[['t', 'h'], ['a', 't']]"
19,news,news,4,1900-01-01 12:02:59.727,1900-01-01 12:03:02.571,top1,0.3333333333333333,0.6666666666666666,"[[1.6873349734122152, 1.0]]","[['e', 'w']]"
19,want,want,4,1900-01-01 12:03:03.072,1900-01-01 12:03:06.464,top1,1.0,0.0,"[[1.4830404263707715, 1.25], [2.608933432698121, 2.6575364531836625]]","[['w', 'a'], ['n', 't']]"
19,to,to,2,1900-01-01 12:03:06.464,1900-01-01 12:03:07.865,top1,0.0,1.0,[],[]
19,join,join,4,1900-01-01 12:03:15.595,1900-01-01 12:03:18.432,top3,0.3333333333333333,0.6666666666666666,"[[2.831000002759626, 2.3584952830141512]]","[['i', 'n']]"
19,us,us,2,1900-01-01 12:03:31.937,1900-01-01 12:03:33.588,top1,0.0,1.0,[],[]
19,for,for,3,1900-01-01 12:03:33.588,1900-01-01 12:03:36.226,top3,0.5,0.5,"[[4.572326695048157, 4.8541219597369]]","[['f', 'o']]"
19,lunch,lunch,5,1900-01-01 12:03:36.226,1900-01-01 12:03:39.809,top1,0.6666666666666666,0.3333333333333333,"[[2.612043123926173, 2.462214450449026], [3.1390014659322794, 2.692582403567252]]","[['l', 'u'], ['c', 'h']]"
19,is,is,2,1900-01-01 12:03:40.310,1900-01-01 12:03:42.335,top1,0.0,1.0,[],[]
19,she,she,3,1900-01-01 12:03:55.818,1900-01-01 12:03:57.660,top1,0.0,1.0,[],[]
19,done,done,4,1900-01-01 12:04:15.738,1900-01-01 12:04:17.888,top1,0.0,1.0,[],[]
19,yet,yet,3,1900-01-01 12:04:17.888,1900-01-01 12:04:21.265,top1,0.5,0.5,"[[2.0965545582276173, 2.0]]","[['e', 't']]"
19,this,this,4,1900-01-01 12:04:21.767,1900-01-01 12:04:24.993,top1,0.3333333333333333,0.6666666666666666,"[[2.234357751681677, 1.6007810593582121]]","[['t', 'h']]"
19,person,person,6,1900-01-01 12:04:24.993,1900-01-01 12:04:29.064,top3,0.5,0.5,"[[1.5540855229040642, 1.0], [3.4062604862223913, 3.010398644698074]]","[['e', 'r'], ['o', 'n']]"
19,is,is,2,1900-01-01 12:04:29.064,1900-01-01 12:04:31.171,top1,0.0,1.0,[],[]
19,a,a,1,1900-01-01 12:04:31.171,1900-01-01 12:04:31.915,top1,0.0,1.0,[],[]
19,disaster,disaster,8,1900-01-01 12:04:31.915,1900-01-01 12:04:38.167,top1,0.3333333333333333,0.6666666666666666,"[[1.5611790266093766, 1.0], [1.8478903723232605, 1.0]]","[['s', 'a'], ['e', 'r']]"
19,with,with,4,1900-01-01 12:04:38.668,1900-01-01 12:04:41.861,top1,0.3333333333333333,0.6666666666666666,"[[1.6889385442490206, 1.6007810593582121]]","[['t', 'h']]"
19,each,each,4,1900-01-01 12:04:41.861,1900-01-01 12:04:44.545,top1,0.3333333333333333,0.6666666666666666,"[[3.2289036089089125, 2.692582403567252]]","[['c', 'h']]"
19,step,step,4,1900-01-01 12:04:44.545,1900-01-01 12:04:47.005,top1,0.3333333333333333,0.6666666666666666,"[[2.5747823026908505, 2.0]]","[['t', 'e']]"
19,forward,forward,7,1900-01-01 12:04:47.005,1900-01-01 12:04:51.258,top1,0.4,0.6,"[[1.7978027952545297, 1.25], [1.8062679843395333, 1.25]]","[['w', 'a'], ['r', 'd']]"
19,love,love,4,1900-01-01 12:05:04.974,1900-01-01 12:05:08.234,top1,1.0,0.0,"[[1.6912579314300349, 1.0307764064044151], [3.185044115177214, 2.6575364531836625]]","[['l', 'o'], ['v', 'e']]"
19,means,means,5,1900-01-01 12:05:08.234,1900-01-01 12:05:11.969,top1,0.6666666666666666,0.3333333333333333,"[[2.5589298941403227, 2.0155644370746373], [5.060483569099399, 4.6097722286464435]]","[['e', 'a'], ['n', 's']]"
19,many,many,4,1900-01-01 12:05:11.969,1900-01-01 12:05:14.579,top1,0.3333333333333333,0.6666666666666666,"[[3.1259219964875964, 2.1360009363293826]]","[['n', 'y']]"
19,things,things,6,1900-01-01 12:05:14.579,1900-01-01 12:05:18.449,top1,0.5,0.5,"[[2.327907026708756, 1.6007810593582121], [2.0819112500596657, 1.8027756377319946]]","[['t', 'h'], ['n', 'g']]"
19,please,please,6,1900-01-01 12:05:18.951,1900-01-01 12:05:22.935,top1,1.0,0.0,"[[2.1742258392356573, 1.25], [2.6231886637497124, 2.0155644370746373], [1.9428075086392371, 1.25]]","[['p', 'l'], ['e', 'a'], ['s', 'e']]"
19,follow,follow,6,1900-01-01 12:05:28.263,1900-01-01 12:05:31.264,top1,0.0,1.0,[],[]
19,the,the,3,1900-01-01 12:05:31.264,1900-01-01 12:05:32.974,top1,0.5,0.5,"[[2.0454285347146692, 1.6007810593582121]]","[['t', 'h']]"
19,guidelines,guidelines,10,1900-01-01 12:05:32.974,1900-01-01 12:05:37.927,top1,0.6666666666666666,0.3333333333333333,"[[1.336859829273436, 1.0], [1.6113235873420955, 1.0307764064044151], [2.2462199984084377, 1.6007810593582121], [1.9349222368095316, 1.25]]","[['u', 'i'], ['d', 'e'], ['l', 'i'], ['e', 's']]"
19,are,are,3,1900-01-01 12:05:38.428,1900-01-01 12:05:41.546,top1,0.5,0.5,"[[1.337655656830262, 1.0]]","[['r', 'e']]"
19,you,you,3,1900-01-01 12:05:41.546,1900-01-01 12:05:44.922,top1,0.5,0.5,"[[2.153409451457154, 3.0]]","[['y', 'o']]"
19,talking,talking,7,1900-01-01 12:05:55.529,1900-01-01 12:06:00.165,top1,0.4,0.6,"[[1.9127268901361738, 1.0307764064044151], [2.007224732061659, 1.8027756377319946]]","[['k', 'i'], ['n', 'g']]"
19,to,to,2,1900-01-01 12:06:09.945,1900-01-01 12:06:11.671,top1,0.0,1.0,[],[]
19,me,me,2,1900-01-01 12:06:11.671,1900-01-01 12:06:14.148,top1,0.0,1.0,[],[]
19,stability,stability,9,1900-01-01 12:06:14.650,1900-01-01 12:06:20.251,top1,0.5,0.5,"[[4.092133553004471, 3.881043674065006], [1.7336537464268926, 1.6007810593582121], [1.3963327862655097, 1.0]]","[['t', 'a'], ['i', 'l'], ['t', 'y']]"
19,of,of,2,1900-01-01 12:06:20.251,1900-01-01 12:06:22.252,top1,0.0,1.0,[],[]
19,the,the,3,1900-01-01 12:06:22.252,1900-01-01 12:06:24.712,top1,0.5,0.5,"[[1.8819773178760681, 1.6007810593582121]]","[['t', 'h']]"
19,nation,nation,6,1900-01-01 12:06:24.712,1900-01-01 12:06:28.893,top3,0.2,0.8,"[[1.3339768785477497, 1.0]]","[['i', 'o']]"
19,life,life,4,1900-01-01 12:06:30.300,1900-01-01 12:06:34.334,top1,0.3333333333333333,0.6666666666666666,"[[2.4768706630040254, 1.6007810593582121]]","[['f', 'e']]"
19,if,if,2,1900-01-01 12:06:34.334,1900-01-01 12:06:36.861,top1,1.0,0.0,"[[4.371557377668742, 3.881043674065006]]","[['i', 'f']]"
19,but,but,3,1900-01-01 12:06:36.861,1900-01-01 12:06:39.379,top1,0.5,0.5,"[[2.6054192081121994, 2.3584952830141512]]","[['b', 'u']]"
19,a,a,1,1900-01-01 12:06:39.379,1900-01-01 12:06:40.654,top1,0.0,1.0,[],[]
19,dream,dream,5,1900-01-01 12:06:40.654,1900-01-01 12:06:44.298,top1,0.25,0.75,"[[1.3206439776203878, 1.25]]","[['d', 'r']]"
19,zero,zero,4,1900-01-01 12:06:48.801,1900-01-01 12:06:52.536,top1,0.3333333333333333,0.6666666666666666,"[[4.0588877036233715, 5.0]]","[['r', 'o']]"
19,in,in,2,1900-01-01 12:06:57.591,1900-01-01 12:06:58.857,top1,0.0,1.0,[],[]
19,on,on,2,1900-01-01 12:07:04.236,1900-01-01 12:07:05.394,top1,0.0,1.0,[],[]
19,the,the,3,1900-01-01 12:07:05.394,1900-01-01 12:07:07.311,top1,0.5,0.5,"[[1.5476154692380795, 1.6007810593582121]]","[['t', 'h']]"
19,facts,facts,5,1900-01-01 12:07:07.311,1900-01-01 12:07:10.447,top1,0.25,0.75,"[[3.3350205794904775, 3.0]]","[['f', 'a']]"
19,question,question,8,1900-01-01 12:07:22.954,1900-01-01 12:07:27.790,top1,0.6,0.4,"[[4.258632888395642, 4.0], [1.3119274525007092, 2.9261749776799064], [2.347402317589595, 3.010398644698074]]","[['u', 'e'], ['s', 't'], ['o', 'n']]"
19,that,that,4,1900-01-01 12:07:27.790,1900-01-01 12:07:29.899,top1,1.0,0.0,"[[1.7721832315677741, 1.6007810593582121], [3.739186680449374, 3.881043674065006]]","[['t', 'h'], ['a', 't']]"
19,must,must,4,1900-01-01 12:07:29.899,1900-01-01 12:07:31.775,top1,1.0,0.0,"[[2.7310704174370897, 2.1360009363293826], [3.154954944706025, 2.9261749776799064]]","[['m', 'u'], ['s', 't']]"
19,be,be,2,1900-01-01 12:07:37.162,1900-01-01 12:07:38.054,top1,0.0,1.0,[],[]
19,answered,answered,8,1900-01-01 12:07:38.054,1900-01-01 12:07:42.540,top1,0.6666666666666666,0.3333333333333333,"[[1.682310984925201, 1.0307764064044151], [1.2768235060590798, 1.0], [1.2973214532740138, 1.0307764064044151], [0, 0]]","[['s', 'w'], ['e', 'r'], ['e', 'd'], ['', '']]"
19,the,the,3,1900-01-01 12:07:43.041,1900-01-01 12:07:45.175,top1,0.5,0.5,"[[1.38030767063905, 1.6007810593582121]]","[['t', 'h']]"
19,world,world,5,1900-01-01 12:07:45.175,1900-01-01 12:07:48.677,top1,0.6666666666666666,0.3333333333333333,"[[5.70623077351635, 5.0], [6.261360082132715, 6.0]]","[['o', 'r'], ['l', 'd']]"
19,is,is,2,1900-01-01 12:07:51.145,1900-01-01 12:07:52.562,top1,0.0,1.0,[],[]
19,a,a,1,1900-01-01 12:08:10.973,1900-01-01 12:08:12.123,top1,0.0,1.0,[],[]
19,stage,stage,5,1900-01-01 12:08:27.599,1900-01-01 12:08:30.743,top1,0.0,1.0,[],[]
19,companies,companies,9,1900-01-01 12:08:31.243,1900-01-01 12:08:49.045,top1,0.5,0.5,"[[2.6839922602580284, 2.3584952830141512], [3.019360975955839, 2.3584952830141512], [1.7032153416406277, 1.25]]","[['o', 'm'], ['n', 'i'], ['e', 's']]"
19,announce,announce,8,1900-01-01 12:08:56.233,1900-01-01 12:09:01.602,top1,0.6,0.4,"[[2.7606172911370748, 3.010398644698074], [2.8089444553292613, 2.0155644370746373], [2.4829698070053126, 2.1360009363293826]]","[['n', 'o'], ['u', 'n'], ['c', 'e']]"
19,a,a,1,1900-01-01 12:09:01.602,1900-01-01 12:09:02.594,top1,0.0,1.0,[],[]
19,merger,merger,6,1900-01-01 12:09:02.594,1900-01-01 12:09:05.829,top1,0.5,0.5,"[[1.4971481744470054, 1.0], [1.2037133236884103, 1.0]]","[['e', 'r'], ['e', 'r']]"
19,the,the,3,1900-01-01 12:09:06.332,1900-01-01 12:09:08.522,top1,0.5,0.5,"[[1.510659510362941, 1.6007810593582121]]","[['t', 'h']]"
19,library,library,7,1900-01-01 12:09:08.522,1900-01-01 12:09:12.391,top1,0.75,0.25,"[[2.20920938912544, 1.6007810593582121], [2.7793332664957617, 2.9261749776799064], [2.1637699161417325, 2.0]]","[['l', 'i'], ['r', 'a'], ['r', 'y']]"
19,is,is,2,1900-01-01 12:09:18.912,1900-01-01 12:09:20.229,top1,0.0,1.0,[],[]
19,closed,closed,6,1900-01-01 12:09:32.153,1900-01-01 12:09:34.788,top1,0.0,1.0,[],[]
19,today,today,5,1900-01-01 12:09:34.788,1900-01-01 12:09:38.248,top1,0.25,0.75,"[[2.1475981715046233, 2.0]]","[['d', 'a']]"
19,the,the,3,1900-01-01 12:09:38.749,1900-01-01 12:09:41.058,top1,0.5,0.5,"[[1.1946243394891969, 1.6007810593582121]]","[['t', 'h']]"
19,living,living,6,1900-01-01 12:09:53.940,1900-01-01 12:09:57.567,top1,0.0,1.0,[],[]
19,is,is,2,1900-01-01 12:09:57.567,1900-01-01 12:10:00.039,top3,1.0,0.0,"[[6.066520051170192, 5.836308764964376]]","[['i', 's']]"
19,easy,easy,4,1900-01-01 12:10:00.039,1900-01-01 12:10:03.096,top1,1.0,0.0,"[[2.1299264548629373, 2.0155644370746373], [4.27690881361761, 3.881043674065006]]","[['e', 'a'], ['s', 'y']]"
19,the,the,3,1900-01-01 12:10:03.597,1900-01-01 12:10:05.897,top1,0.5,0.5,"[[1.2257560995667123, 1.6007810593582121]]","[['t', 'h']]"
19,capital,capital,7,1900-01-01 12:10:05.897,1900-01-01 12:10:11.184,top1,0.16666666666666666,0.8333333333333334,"[[3.128828999202417, 2.692582403567252]]","[['c', 'a']]"
19,of,of,2,1900-01-01 12:10:23.199,1900-01-01 12:10:24.533,top1,0.0,1.0,[],[]
19,our,our,3,1900-01-01 12:10:31.854,1900-01-01 12:10:33.479,top1,0.0,1.0,[],[]
19,nation,nation,6,1900-01-01 12:10:36.198,1900-01-01 12:10:40.292,top1,0.2,0.8,"[[1.4468981693609273, 1.0]]","[['i', 'o']]"
19,sent,sent,4,1900-01-01 12:10:40.793,1900-01-01 12:10:44.939,top3,1.0,0.0,"[[1.8634049814787983, 1.25], [3.0648699630857097, 2.6575364531836625]]","[['s', 'e'], ['n', 't']]"
19,this,this,4,1900-01-01 12:10:44.939,1900-01-01 12:10:47.866,top3,1.0,0.0,"[[1.3812043714182924, 1.6007810593582121], [5.73375754850168, 5.836308764964376]]","[['t', 'h'], ['i', 's']]"
19,by,by,2,1900-01-01 12:10:47.866,1900-01-01 12:10:49.872,top1,1.0,0.0,"[[2.6697626591609223, 2.0155644370746373]]","[['b', 'y']]"
19,registered,registered,10,1900-01-01 12:11:05.481,1900-01-01 12:11:07.499,top1,0.0,1.0,[],[]
19,mail,mail,4,1900-01-01 12:11:07.499,1900-01-01 12:11:10.626,top1,0.3333333333333333,0.6666666666666666,"[[1.4714197438188732, 1.6007810593582121]]","[['i', 'l']]"
19,frequently,frequently,10,1900-01-01 12:11:11.127,1900-01-01 12:11:16.896,top1,0.42857142857142855,0.5714285714285714,"[[1.4680970676355158, 1.0], [3.3719359818396613, 4.25], [2.227249456308161, 4.366062299143246]]","[['r', 'e'], ['e', 'n'], ['t', 'l']]"
19,asked,asked,5,1900-01-01 12:11:16.896,1900-01-01 12:11:19.589,top1,0.6666666666666666,0.3333333333333333,"[[2.0485922186040346, 1.0], [1.7536406772768474, 1.0307764064044151]]","[['a', 's'], ['e', 'd']]"
19,questions,questions,9,1900-01-01 12:11:28.378,1900-01-01 12:11:35.724,top1,0.2857142857142857,0.7142857142857143,"[[1.27221431591733, 1.25], [1.2978912945620675, 1.0]]","[['e', 's'], ['i', 'o']]"
19,he,he,2,1900-01-01 12:11:36.225,1900-01-01 12:11:38.742,top1,0.0,1.0,[],[]
19,called,called,6,1900-01-01 12:11:42.444,1900-01-01 12:11:45.638,top1,0.5,0.5,"[[3.2357781135300363, 2.692582403567252], [1.812337320285603, 1.0307764064044151]]","[['c', 'a'], ['e', 'd']]"
19,seven,seven,5,1900-01-01 12:11:56.335,1900-01-01 12:11:59.912,top1,0.25,0.75,"[[1.6753347286811073, 1.25]]","[['s', 'e']]"
19,times,times,5,1900-01-01 12:12:06.575,1900-01-01 12:12:09.827,top1,0.0,1.0,[],[]
19,a,a,1,1900-01-01 12:12:10.328,1900-01-01 12:12:11.886,top1,0.0,1.0,[],[]
19,quarter,quarter,7,1900-01-01 12:12:21.283,1900-01-01 12:12:24.985,top1,0.0,1.0,[],[]
19,of,of,2,1900-01-01 12:12:40.102,1900-01-01 12:12:41.078,top1,0.0,1.0,[],[]
19,a,a,1,1900-01-01 12:12:41.078,1900-01-01 12:12:41.854,top1,0.0,1.0,[],[]
19,century,century,7,1900-01-01 12:12:44.155,1900-01-01 12:12:48.474,top1,0.4,0.6,"[[2.760102616412115, 2.1360009363293826], [3.424663765430119, 3.0]]","[['c', 'e'], ['u', 'r']]"
19,completely,completely,10,1900-01-01 12:12:53.251,1900-01-01 12:12:57.370,top1,0.6666666666666666,0.3333333333333333,"[[2.8464776973041617, 2.3584952830141512], [1.6960955161782603, 1.25], [2.297002856985598, 2.0], [3.8811040733436917, 6.329494450586081]]","[['o', 'm'], ['p', 'l'], ['e', 't'], ['e', 'l']]"
19,sold,sold,4,1900-01-01 12:12:57.370,1900-01-01 12:13:00.213,top1,0.3333333333333333,0.6666666666666666,"[[1.2621562031896052, 1.0307764064044151]]","[['o', 'l']]"
19,out,out,3,1900-01-01 12:13:02.390,1900-01-01 12:13:03.482,top1,1.0,0.0,"[[5.272348530896833, 2.0]]","[['o', 'u']]"
19,of,of,2,1900-01-01 12:13:03.482,1900-01-01 12:13:05.050,top1,0.0,1.0,[],[]
19,that,that,4,1900-01-01 12:13:05.050,1900-01-01 12:13:08.268,top1,0.0,1.0,[],[]
